Sample	Node	XGB	RF	RF_Adenoviridae	RF_Anelloviridae	RF_Arenaviridae	RF_Astroviridae	RF_Bornaviridae	RF_Caliciviridae	RF_Circoviridae	RF_Coronaviridae	RF_Filoviridae	RF_Flaviviridae	RF_Genomoviridae	RF_Hantaviridae	RF_Hepadnaviridae	RF_Hepeviridae	RF_Kolmioviridae	RF_Matonaviridae	RF_Nairoviridae	RF_Orthoherpesviridae	RF_Orthomyxoviridae	RF_Papillomaviridae	RF_Paramyxoviridae	RF_Parvoviridae	RF_Peribunyaviridae	RF_Phenuiviridae	RF_Picornaviridae	RF_Pneumoviridae	RF_Polyomaviridae	RF_Poxviridae	RF_Redondoviridae	RF_Retroviridae	RF_Rhabdoviridae	RF_Sedoreoviridae	RF_Spinareoviridae	RF_Togaviridae	XGB_Adenoviridae	XGB_Anelloviridae	XGB_Arenaviridae	XGB_Astroviridae	XGB_Bornaviridae	XGB_Caliciviridae	XGB_Circoviridae	XGB_Coronaviridae	XGB_Filoviridae	XGB_Flaviviridae	XGB_Genomoviridae	XGB_Hantaviridae	XGB_Hepadnaviridae	XGB_Hepeviridae	XGB_Kolmioviridae	XGB_Matonaviridae	XGB_Nairoviridae	XGB_Orthoherpesviridae	XGB_Orthomyxoviridae	XGB_Papillomaviridae	XGB_Paramyxoviridae	XGB_Parvoviridae	XGB_Peribunyaviridae	XGB_Phenuiviridae	XGB_Picornaviridae	XGB_Pneumoviridae	XGB_Polyomaviridae	XGB_Poxviridae	XGB_Redondoviridae	XGB_Retroviridae	XGB_Rhabdoviridae	XGB_Sedoreoviridae	XGB_Spinareoviridae	XGB_Togaviridae	GC_Content	Length	protein_profiles	stitle	pident	evalue	bitscore
FN1	NODE_273_length_573_cov_0.887097	Sedoreoviridae	Sedoreoviridae	0.0	0.05	0.0	0.02	0.0	0.01	0.04	0.0	0.0	0.13	0.05	0.01	0.02	0.06	0.04	0.03	0.0	0.02	0.05	0.0	0.02	0.0	0.03	0.03	0.02	0.0	0.0	0.0	0.0	0.0	0.0	0.28	0.09	0.0	7,24E+02	797.597	12.994.431	12.877.586	7,98E+00	6,82E+01	21.648.745	8,89E+01	6,26E+02	17.519.052	44.391.904	15.269.201	114.241.884	6,90E+01	8,54E+01	7,18E+01	2.317.573	18.227.653	1.625.629	8,19E+01	2.783.332	103.581.086	22.379.446	30.912.866	8,04E+02	7,52E+01	6,30E+01	7,05E+01	32.796.292	10.645.748	7,77E+01	9.560.847	19.831.087	7,61E+01	60.38	573	MFS_1, Sugar_tr	MAG: MFS transporter [Rhodocyclaceae bacterium]	58.434	1.08e-49	177.0
FN1	NODE_383_length_518_cov_1.498866	Sedoreoviridae	Anelloviridae	0.01	0.09	0.02	0.0	0.0	0.02	0.03	0.0	0.0	0.09	0.05	0.01	0.04	0.02	0.04	0.09	0.0	0.06	0.07	0.0	0.05	0.02	0.03	0.04	0.04	0.0	0.0	0.0	0.01	0.01	0.0	0.08	0.08	0.0	38.189.306	26.441.824	46.127.387	46.038.963	3.304.136	35.961.545	8.572.157	17.395.407	27.139.776	3.194.182	35.365.494	6.643.162	53.978.797	36.394.282	62.854.514	36.371.711	4.497.541	2.276.998	46.137.883	43.180.347	135.866.115	49.556.415	7.549.898	13.629.952	38.808.794	39.672.987	33.249.478	37.190.304	13.896.601	11.677.925	12.670.118	36.189.303	390.301	40.135.183	59.85	518	Abhydrolase_1	alpha/beta fold hydrolase [Phyllobacterium myrsinacearum]	79.651	8,59E-82	295.0
FN1	NODE_342_length_534_cov_7033.369803	Sedoreoviridae	Anelloviridae	0.0	0.4	0.03	0.0	0.0	0.01	0.03	0.0	0.0	0.08	0.01	0.0	0.02	0.02	0.09	0.01	0.01	0.03	0.07	0.0	0.02	0.02	0.01	0.04	0.01	0.0	0.0	0.0	0.0	0.01	0.01	0.03	0.04	0.0	3.455.733	808.791	42.338.585	51.747.806	38.069.515	3.254.144	62.349.206	2.948.376	29.866.833	1.151.285	4.180.494	10.972.846	50.570.685	32.933.021	10.324.181	3.428.317	25.463.693	1.547.616	1.680.005	34.956.979	27.818.274	32.250.888	35.696.928	4.340.276	38.361.184	46.096.197	30.087.302	3.365.334	29.332.747	18.509.727	3.709.004	57.924.044	46.054.028	36.318.146	55.24	534	TT_ORF1	MAG: ORF1 protein, partial [Alphatorquevirus homin29]	98.611	2.94e-40	156.0
FN1	NODE_286_length_569_cov_1.247967	Anelloviridae	Anelloviridae	0.01	0.2	0.01	0.02	0.02	0.0	0.04	0.0	0.0	0.02	0.0	0.02	0.1	0.0	0.03	0.0	0.01	0.0	0.2	0.01	0.06	0.01	0.02	0.04	0.01	0.0	0.02	0.01	0.0	0.09	0.01	0.04	0.0	0.0	47.082.324	31.069.788	27.401.451	4.704.527	446.371	5.085.985	35.739.061	15.540.795	46.679.657	16.874.833	5.001.688	9.055.394	9.443.985	4.587.597	5.091.539	47.850.157	35.465.301	14.997.336	22.029.243	9.203.168	6.931.222	7.149.326	10.159.614	10.136.014	54.886.662	48.115.263	47.024.237	52.597.667	9.841.003	16.295.698	35.400.778	4.526.939	15.472.034	43.825.386	43.06	569	DUF755	MAG: ORF1 [TTV-like mini virus]	98.765	5,60E-29	169.0
FN1	NODE_260_length_581_cov_13221.982143	Sedoreoviridae	Anelloviridae	0.0	0.17	0.03	0.02	0.01	0.03	0.04	0.01	0.0	0.01	0.0	0.05	0.08	0.0	0.0	0.0	0.06	0.0	0.06	0.03	0.03	0.01	0.01	0.04	0.05	0.01	0.06	0.0	0.03	0.03	0.01	0.11	0.01	0.0	4.887.904	24.394.117	28.120.112	256.675	5.088.076	4.602.767	94.631.437	37.915.118	34.736.568	62.111.916	4.227.027	11.188.331	11.062.772	41.517.292	29.679.972	5.395.257	50.395.983	10.723.526	5.501.507	4.944.432	54.880.284	41.376.933	81.873.767	14.489.646	49.671.903	49.758.074	4.255.648	4.760.038	15.328.642	11.231.231	23.173.245	88.653.004	37.657.354	4.464.986	39.59	581	DUF755	MAG: ORF1 [TTV-like mini virus]	98.507	9.19e-36	144.0
FN1	NODE_245_length_589_cov_1818.878906	Pneumoviridae	Anelloviridae	0.0	0.16	0.0	0.01	0.0	0.0	0.01	0.0	0.0	0.12	0.01	0.02	0.06	0.08	0.04	0.05	0.05	0.07	0.12	0.0	0.0	0.01	0.01	0.04	0.03	0.01	0.0	0.0	0.0	0.04	0.0	0.06	0.0	0.0	20.662.123	27.912.403	32.085.367	20.402.607	21.508.292	19.456.806	108.122.025	5.365.028	14.683.827	68.572.786	18.825.138	25.952.343	15.563.811	17.550.171	19.478.044	18.495.707	21.156.983	6.472.558	11.829.945	20.901.077	1.175.096	17.490.837	4.949.488	10.786.316	2.293.648	9.151.195	17.989.456	2.012.162	2.764.336	4.794.019	31.442.853	3.597.524	6.877.372	21.714.933	59.76	589	TT_ORF2	MAG: ORF2 protein [Alphatorquevirus]	86.42	4.39e-44	155.0
FN1	NODE_198_length_636_cov_1279.177102	Anelloviridae	Anelloviridae	0.01	0.26	0.0	0.02	0.01	0.01	0.05	0.0	0.0	0.02	0.0	0.0	0.13	0.01	0.09	0.01	0.08	0.02	0.03	0.0	0.02	0.03	0.02	0.03	0.01	0.01	0.0	0.0	0.0	0.07	0.01	0.04	0.01	0.0	4.899.481	4.326.297	5.745.882	9.654.176	4.594.953	5.292.577	8.707.524	73.053.376	39.942.507	19.394.217	58.305.752	4.966.533	17.018.233	52.671.544	16.807.277	5.442.515	52.041.758	3.751.634	2.178.302	63.549.946	3.349.366	5.873.059	67.634.825	8.849.909	5.711.616	4.446.625	4.893.436	5.473.418	470.559	19.516.762	29.417.217	17.604.576	18.933.224	5.906.828	50.63	636	DUF755	ORF1 [Torque teno virus 16]	98.742	1,39E-73	290.0
FN1	NODE_86_length_785_cov_1552.711864	Anelloviridae	Anelloviridae	0.0	0.56	0.03	0.0	0.0	0.02	0.03	0.01	0.0	0.01	0.0	0.01	0.05	0.0	0.0	0.05	0.01	0.01	0.02	0.0	0.02	0.0	0.0	0.05	0.03	0.02	0.0	0.01	0.0	0.02	0.0	0.03	0.01	0.0	6,34E+00	9.992.931	9,67E+00	5,30E+02	6,01E+01	6,85E-01	8,55E+00	9,21E+00	6,28E+00	1,24E+02	5,42E+01	8,38E+00	2,74E+02	6,98E-01	6,85E+00	6,35E+01	1,10E+02	1,04E+02	3,53E+01	7,36E+01	7,55E+01	1,03E+02	8,01E+00	1,84E+02	8,07E+00	2,70E+02	6,33E+01	7,08E+01	1,33E+02	4,96E+01	7,80E+01	5,23E+02	17.259.024	6,79E+01	50.96	785	TT_ORF1	MAG: ORF1 protein [Torque teno virus 16]	98.095	3.1e-135	410.0
FN1	NODE_2_length_2432_cov_37659.103185	Sedoreoviridae	Anelloviridae	0.0	0.77	0.01	0.0	0.0	0.0	0.01	0.01	0.0	0.0	0.0	0.0	0.01	0.0	0.0	0.0	0.0	0.0	0.02	0.01	0.01	0.0	0.01	0.0	0.02	0.01	0.01	0.0	0.0	0.02	0.0	0.08	0.0	0.0	8.879.594	199.839	8.252.423	98.211.635	7.338.552	8.361.603	32.114.957	6.002.904	63.104.085	56.285.025	5.855.151	65.621.557	12.256.731	75.422.283	11.763.054	8.843.781	9.430.672	15.444.833	72.056.423	8.982.284	5.930.466	11.335.607	3.288.087	29.897.199	9.857	58.725.115	7.731.009	8.647.309	8.309.287	14.020.937	7.797.194	37.046.105	1.274.138	8.111.303	32.44	2432	TT_ORF1	MAG: ORF1 [TTV-like mini virus]	98.789	0.0	849.0
FN1	NODE_54_length_951_cov_44333.623570	Anelloviridae	Anelloviridae	0.0	0.82	0.0	0.0	0.0	0.0	0.01	0.0	0.0	0.0	0.0	0.03	0.0	0.0	0.0	0.0	0.01	0.0	0.04	0.01	0.02	0.0	0.02	0.0	0.0	0.0	0.0	0.0	0.0	0.02	0.0	0.02	0.0	0.0	7,17E+01	99.957.544	6,39E+00	7,12E+00	4,65E+00	6,75E+00	7,84E+00	6,12E+01	5,10E+01	5,03E+00	4,91E+01	9,79E-01	6,96E+01	5,33E-01	6,13E+01	5,87E+01	5,83E+01	5,80E+02	1,50E+02	8,11E+01	5,90E+01	6,71E+01	2,14E+02	4,36E+00	7,29E+01	1,70E+02	6,24E+01	6,98E+00	8,61E+00	1,06E+01	7,70E+00	5,81E+02	1,89E+02	7,54E+01	37.12	951	TT_ORF1	MAG: ORF1 [TTV-like mini virus]	98.077	2.84e-100	320.0
FN1	NODE_47_length_983_cov_1.611479	Sedoreoviridae	Sedoreoviridae	0.0	0.03	0.0	0.01	0.01	0.0	0.06	0.0	0.0	0.08	0.09	0.0	0.02	0.11	0.06	0.06	0.0	0.07	0.02	0.0	0.02	0.03	0.02	0.03	0.0	0.0	0.0	0.01	0.0	0.0	0.0	0.21	0.06	0.0	7,30E+01	515.825	10.111.675	50.377.863	8,04E+01	6,87E+01	27.348.532	6,95E+02	5,19E+02	29.012.363	507.963	28.632.712	13.669.266	7,68E+01	20.720.996	7,63E+01	5,52E+02	23.948.272	5,67E+01	7,38E+01	8,82E+02	6,18E+02	41.612.107	17.863.927	7,42E+01	5,88E+02	6,36E+01	7,11E+00	24.322.595	30.516.814	6,26E+01	98.548.293	16.837.507	7,67E+01	58.7	983	MFS_1, Sugar_tr	D-galactonate transporter [Bradyrhizobium erythrophlei]	94.0	1.68e-160	466.0
FN1	NODE_33_length_1112_cov_21926.271498	Anelloviridae	Anelloviridae	0.0	0.28	0.04	0.0	0.0	0.0	0.01	0.0	0.0	0.02	0.0	0.0	0.14	0.0	0.03	0.0	0.04	0.0	0.03	0.0	0.05	0.02	0.05	0.05	0.01	0.02	0.01	0.0	0.0	0.16	0.0	0.04	0.0	0.0	4.882.919	91.431.063	1.564.586	33.511.568	45.794.202	5.274.687	12.753.202	5.911.416	39.807.492	28.287.724	6.446	41.305.105	12.599.527	4.757.808	6.888.023	71.898.947	4.024.381	16.563.322	3.737.364	5.666.225	38.747.848	8.033.332	41.377.769	20.618.802	6.218.017	8.231.625	48.768.922	54.549.164	777.898	10.543.757	43.147.124	1.658.145	33.435.973	45.451.394	41.19	1112	DUF755	MAG: ORF1 [TTV-like mini virus]	98.81	8.01e-46	178.0
FN1	NODE_18_length_1277_cov_18875.608333	Anelloviridae	Anelloviridae	0.0	0.31	0.02	0.01	0.0	0.01	0.0	0.0	0.0	0.02	0.0	0.02	0.1	0.01	0.01	0.0	0.05	0.0	0.06	0.0	0.06	0.02	0.05	0.03	0.01	0.02	0.01	0.0	0.0	0.15	0.0	0.02	0.01	0.0	17.638.033	6.558.204	9.491.659	27.339.677	16.541.737	1.905.318	4.606.701	28.884.567	14.379.221	1.186.846	2.328.418	14.920.197	23.473.425	17.186.106	2.488.086	25.971.278	18.361.066	5.982.987	29.066.738	2.046.749	14.838.272	29.017.937	14.946.436	2.747.752	2.246.067	353.788	1.761.627	19.704.204	16.940.028	76.437.355	15.585.569	58.000.352	65.390.915	16.417.914	40.64	1277	DUF755	MAG: ORF1 [TTV-like mini virus]	98.81	3,33E-29	178.0
FN1	NODE_8_length_1799_cov_43181.332172	Anelloviridae	Anelloviridae	0.0	0.95	0.0	0.0	0.0	0.0	0.0	0.0	0.0	0.0	0.0	0.0	0.0	0.0	0.0	0.0	0.0	0.0	0.01	0.0	0.01	0.0	0.0	0.01	0.01	0.0	0.0	0.0	0.0	0.0	0.0	0.01	0.0	0.0	4.470.247	9.829.229	40.635.702	4.436.111	29.015.366	42.094.768	46.801.794	4.737.263	38.634.962	2.833.552	3.382.871	29.993.194	8.131.184	3.320.992	371.653	38.679.224	52.547.257	37.299.463	27.085.922	45.219.448	57.343.574	52.476.994	43.374.358	15.872.339	4.962.304	18.856.664	38.920.162	43.533.093	4.666.457	88.997.174	12.133.849	4.268.938	10.374.879	36.272.596	38.63	1799	TT_ORF1	MAG: ORF1 [TTV-like mini virus]	93.464	0.0	868.0
FN1	NODE_6_length_2033_cov_1968.354294	Anelloviridae	Anelloviridae	0.02	0.67	0.0	0.0	0.0	0.01	0.0	0.0	0.0	0.04	0.0	0.01	0.01	0.0	0.01	0.0	0.01	0.0	0.03	0.0	0.05	0.01	0.01	0.03	0.01	0.0	0.0	0.0	0.0	0.03	0.0	0.02	0.01	0.02	6,45E+01	99.961.543	5,46E+01	9,39E+00	4,80E+00	6,97E+01	4,16E+01	6,99E+00	5,26E+01	2,63E+01	5,54E+01	6,57E+01	6,39E+01	6,28E+00	6,15E+01	8,71E+00	4,69E+01	5,94E+01	1,13E+02	7,48E+00	1,07E+02	6,90E+01	4,48E+01	4,03E+01	7,52E+01	5,85E+01	7,27E+00	7,20E+01	4,49E+01	16.151.177	5,70E+00	2,62E+01	4,68E+00	6,76E+00	49.23	2033	TT_ORF1	MAG: ORF1 protein, partial [Alphatorquevirus homin29]	93.948	0.0	680.0
FN1	NODE_59_length_909_cov_1.539663	Anelloviridae	Sedoreoviridae	0.0	0.06	0.0	0.0	0.0	0.01	0.02	0.0	0.0	0.12	0.07	0.0	0.02	0.03	0.07	0.09	0.0	0.11	0.04	0.0	0.01	0.01	0.02	0.02	0.0	0.0	0.0	0.0	0.0	0.01	0.0	0.25	0.04	0.0	16.174.385	5.679.625	19.089.588	38.178.975	13.223.242	15.230.858	8.030.324	19.585.767	11.494.557	23.632.955	11.255.336	663.466	6.095.098	19.909.106	41.332.943	2.269.207	11.013.553	14.632.116	30.132.512	2.756.046	2.215.148	13.691.897	5.269.495	1.411.215	16.436.757	2.399.974	14.082.212	15.751.276	36.675.995	16.852.197	20.216.506	9.176.448	42.377.993	16.998.526	64.58	909	MFS_1, Sugar_tr	MFS transporter [Stellaceae bacterium]	76.923	1.34e-132	395.0
FN3	NODE_1_length_1847_cov_332.752542	Anelloviridae	Anelloviridae	0.0	0.96	0.01	0.0	0.0	0.0	0.0	0.0	0.0	0.0	0.0	0.0	0.0	0.0	0.0	0.0	0.0	0.0	0.01	0.0	0.01	0.0	0.0	0.0	0.0	0.01	0.0	0.0	0.0	0.0	0.0	0.0	0.0	0.0	4,36E+01	99.974.364	3,22E+01	1,59E+02	3,61E+00	4,11E+01	3,47E+01	6,84E+01	3,10E+00	3,20E+00	4,07E+01	1,64E+02	8,63E+00	3,24E+01	3,63E+01	4,24E+00	6,52E+01	1,51E+02	5,26E+00	4,41E+01	7,62E+01	9,07E+00	7,02E+00	2,79E+01	4,84E+01	1,09E+02	3,80E+01	4,25E+01	4,60E+01	1,16E+02	3,36E+01	1,72E+02	4,66E+02	3,54E+01	36.55	1847	TT_ORF1	MAG: ORF1 [TTV-like mini virus]	100.0	0.0	1054.0
FN4	NODE_177_length_594_cov_5.847195	Sedoreoviridae	Matonaviridae	0.0	0.1	0.01	0.01	0.0	0.0	0.07	0.0	0.0	0.07	0.0	0.0	0.0	0.04	0.04	0.25	0.0	0.14	0.03	0.0	0.01	0.01	0.01	0.01	0.01	0.0	0.0	0.03	0.0	0.01	0.01	0.1	0.03	0.01	2,61E+02	17.932.577	4,76E+02	5,43E+01	2,25E+02	2,45E+01	5,80E+01	2,46E+01	2,25E+01	7,88E+01	3,30E+02	14.660.876	6,84E+01	2,74E+01	3,20E+01	2,96E+02	6,98E+01	5.190.849	6,49E+01	2,64E+01	81.977.976	3,01E+02	3,27E+02	14.077.917	2,89E+02	31.311.556	2,27E+02	2,54E+01	5,83E+00	38.776.242	2,80E+02	98.294.616	9.897.988	2,74E+02	70.37	594	Kelch_1	hypothetical protein PYW08_009457 [Mythimna loreyi]	95.745	1.56e-18	95.5
FN4	NODE_6_length_1496_cov_2.899225	Anelloviridae	Anelloviridae	0.0	0.55	0.01	0.01	0.0	0.0	0.0	0.0	0.0	0.0	0.0	0.0	0.0	0.0	0.0	0.0	0.0	0.0	0.11	0.0	0.03	0.0	0.07	0.05	0.01	0.01	0.01	0.0	0.0	0.08	0.0	0.06	0.0	0.0	68.111.025	9.451.975	6.333.938	9.633.394	63.877.564	73.575.764	12.276.458	9.536.865	555.268	51.332.207	4.788.632	714.565	12.647.965	6.636.587	9.607.997	74.412.033	24.183.406	20.350.968	23.781.983	790.373	11.077.325	14.342.549	12.919.632	46.626.249	86.734.124	21.612.346	68.027.026	7.608.975	59.803.354	15.958.248	6.018.523	1.289.388	5.584.992	6.339.945	37.57	1496	DUF755	MAG: ORF1 [TTV-like mini virus]	97.151	0.0	711.0
FN5	NODE_2_length_1780_cov_3.872578	Sedoreoviridae	Sedoreoviridae	0.0	0.06	0.0	0.01	0.0	0.0	0.07	0.0	0.0	0.1	0.08	0.0	0.05	0.09	0.03	0.02	0.0	0.05	0.09	0.0	0.02	0.03	0.0	0.06	0.0	0.0	0.0	0.02	0.0	0.01	0.01	0.11	0.09	0.0	64.876.187	5.371.612	4.785.066	62.950.472	71.469.783	61.091.655	8.698.946	5.535.132	56.070.476	62.964.736	6.713.414	6.367.004	56.073.903	61.826.785	6.245.374	61.788.443	55.638.906	21.084.018	4.145.385	65.626.465	9.601.649	7.493.755	11.022.757	56.611.383	72.017.345	51.326.887	56.484.384	6.317.908	6.235.197	67.696.534	49.973.186	6.981.412	8.197.459	6.818.185	54.33	1780	Flg_bbr_C, Peptidase_C92	MAG: adenylate cyclase [Bradyrhizobium sp. DFCI-1]	100.0	1.48e-177	513.0
FN5	NODE_77_length_763_cov_1.848397	Sedoreoviridae	Matonaviridae	0.0	0.04	0.0	0.01	0.0	0.0	0.03	0.0	0.0	0.12	0.03	0.01	0.06	0.12	0.0	0.13	0.02	0.1	0.04	0.0	0.02	0.04	0.01	0.01	0.01	0.0	0.0	0.02	0.0	0.01	0.0	0.13	0.04	0.0	2.423.642	22.708.314	25.434.745	32.466.077	21.197.845	22.822.597	75.340.795	26.484.017	17.223.967	47.677.828	23.691.608	7.134.545	20.948.067	2.983.272	22.847.511	2.184.493	30.232.983	13.235.149	983.563	24.516.712	26.769.997	26.614.187	62.571.705	18.401.995	26.904.212	21.591.007	21.101.414	23.602.415	69.261.197	2.171.322	2.128.207	94.273.865	17.488.841	22.139.413	66.19	763	MFS_1, MFS_2	putative transrane efflux protein [Bradyrhizobium sp.]	79.57	5,39E-51	226.0
FN5	NODE_99_length_713_cov_3.819182	Phenuiviridae	Sedoreoviridae	0.01	0.1	0.01	0.01	0.0	0.0	0.02	0.0	0.0	0.17	0.05	0.0	0.03	0.01	0.02	0.03	0.04	0.01	0.08	0.0	0.03	0.01	0.01	0.08	0.03	0.0	0.0	0.0	0.0	0.01	0.01	0.18	0.05	0.0	36.557.845	17.997.509	26.963.933	15.958.171	2.372.887	34.425.254	569.022	4.291.603	25.980.368	23.042.084	1.736.327	6.113.959	3.298.613	31.051.845	24.223.076	32.950.558	6.519.792	7.759.921	22.165.183	55.729.984	52.343.337	3.820.094	44.806.604	23.403.805	3.715.087	163.329	31.829.048	35.601.521	38.597.388	21.034.889	2.815.998	90.736.605	2.364.303	33.394.753	54.56	713	Hydrolase_4, Beta-APP, LCAT	phospholipid:diacylglycerol acyltransferase [Malassezia pachydermatis]	94.631	4.96e-91	291.0
FN5	NODE_134_length_647_cov_1.205263	Hepadnaviridae	Phenuiviridae	0.0	0.04	0.01	0.01	0.0	0.03	0.01	0.0	0.0	0.11	0.0	0.01	0.13	0.0	0.1	0.0	0.02	0.0	0.12	0.02	0.03	0.0	0.02	0.29	0.0	0.0	0.0	0.0	0.0	0.01	0.01	0.02	0.01	0.0	30.394.834	49.650.494	27.102.572	58.047.934	24.849.062	28.621.764	32.277.792	1.240.341	21.600.523	32.147.028	2.115.098	73.571.606	24.714.822	28.966.176	20.211.533	30.153.699	15.743.261	1.731.071	15.873.997	30.746.346	51.824.576	28.366.207	33.194.972	10.265.973	30.887.884	9.498.448	2.646.323	29.599.732	77.934.535	51.814.977	32.622.474	17.791.884	2.459.452	31.943.559	50.08	647	Gasdermin_C	gasdermin-C-like, partial [Mus pahari]	80.0	1.2e-07	64.3
FN7	NODE_3_length_2433_cov_58.203311	Anelloviridae	Anelloviridae	0.01	0.54	0.0	0.02	0.0	0.0	0.0	0.0	0.0	0.01	0.0	0.01	0.02	0.0	0.0	0.0	0.0	0.0	0.03	0.0	0.04	0.0	0.07	0.0	0.02	0.05	0.01	0.0	0.0	0.06	0.0	0.11	0.0	0.0	37.693.244	8.123.314	2.780.137	37.405.388	2.446.581	35.494.403	4.624.981	360.464	2.678.723	2.389.259	2.310.131	2.572.283	3.980.327	28.002.667	7.137.027	4.365.572	9.017.673	9.490.283	4.124.098	3.812.916	3.636.905	57.399.687	496.787	2.640.971	41.842.256	11.330.373	32.817.582	36.707.206	3.184.313	38.714.448	33.098.531	52.992.634	26.049.085	30.585.153	36.13	2433	DUF755, TT_ORF2	MAG: ORF1 [TTV-like mini virus]	99.675	0.0	1204.0
FN7	NODE_258_length_560_cov_2.364389	Sedoreoviridae	Anelloviridae	0.01	0.14	0.02	0.0	0.0	0.01	0.02	0.0	0.0	0.11	0.01	0.0	0.07	0.0	0.03	0.0	0.01	0.01	0.09	0.01	0.06	0.04	0.04	0.02	0.02	0.0	0.0	0.0	0.08	0.03	0.0	0.1	0.06	0.01	27.735.445	12.153.178	35.239.775	70.914.524	22.674.908	26.117.507	6.516.055	36.049.963	197.106	27.044.988	29.151.249	66.013.676	46.479.236	23.118.316	8.122.822	29.274.179	3.980.319	59.886.012	10.139.308	31.360.264	4.344.733	23.478.547	32.979.858	4.536.094	30.788.386	28.813	24.147.835	27.009.908	7.326.296	44.003.528	42.206.766	5.246.129	16.478.527	29.148.664	47.68	560	MFS_1	pantothenate transporter [Aspergillus ruber CBS 135680]	65.432	6,75E-12	117.0
FN8	NODE_2725_length_514_cov_1.270023	Sedoreoviridae	Sedoreoviridae	0.0	0.06	0.0	0.02	0.0	0.0	0.04	0.0	0.0	0.18	0.03	0.0	0.02	0.04	0.02	0.1	0.0	0.02	0.1	0.0	0.04	0.02	0.03	0.01	0.03	0.0	0.0	0.01	0.0	0.02	0.01	0.19	0.01	0.0	1,21E+02	14.823.289	2,20E+02	14.030.987	1,05E+02	1,14E+02	2,07E+02	9,15E+01	8,61E+00	2,93E+02	1,27E+02	7,21E+01	117.176.736	1,16E+02	5,47E+01	1,40E+02	1,41E+02	3.191.698	3,02E+00	1,85E+02	2,85E+02	1,13E+02	4,45E+02	1,54E+02	1,35E+02	1,26E+02	1,06E+02	1,18E+02	11.164.588	14.690.557	9,34E+00	9.969.199	15.838.884	1,27E+02	59.34	514	Helicase_C	DISARM system SFN2-like helicase DrmD [Streptomyces sp. AcH 505]	100.0	2.74e-87	288.0
FN8	NODE_15_length_3154_cov_2.436139	Spinareoviridae	Spinareoviridae	0.01	0.05	0.0	0.0	0.0	0.0	0.03	0.0	0.0	0.09	0.08	0.01	0.02	0.0	0.0	0.0	0.04	0.0	0.12	0.01	0.02	0.04	0.01	0.0	0.04	0.0	0.0	0.0	0.0	0.01	0.02	0.19	0.2	0.01	1.641.968	14.261.023	18.888.872	23.630.971	20.750.217	17.737.074	15.765.805	1.607.045	13.385.974	43.437.965	4.515.456	14.553.615	16.280.249	13.993.345	1.565.999	129.483.035	16.858.399	26.061.438	76.668.174	19.053.694	10.996.321	15.944.883	10.588.563	30.534.623	19.141.402	1.490.202	16.399.423	18.343.126	17.405.793	766.172	16.143.557	20.279.316	3.269.192	17.206.123	48.35	3154	Pkinase, PK_Tyr_Ser-Thr	hypothetical protein H2198_009077 [Neophaeococcomyces mojaviensis]	56.154	4.08e-88	304.0
FN8	NODE_47_length_2229_cov_19.750000	Anelloviridae	Anelloviridae	0.02	0.52	0.01	0.0	0.0	0.01	0.02	0.01	0.0	0.07	0.0	0.0	0.03	0.0	0.0	0.0	0.02	0.0	0.1	0.01	0.0	0.01	0.01	0.03	0.01	0.02	0.0	0.0	0.0	0.05	0.0	0.05	0.0	0.0	18.732.956	92.270.356	15.850.016	26.048.247	13.948.367	20.235.942	13.287.101	20.317.344	15.271.847	18.201.236	16.006.987	13.343.507	36.386.752	15.964.787	17.866.232	22.523.815	11.290.789	18.771.387	45.997.645	2.173.806	15.807.967	18.191.268	12.859.179	15.200.576	23.854.957	1.700.148	18.709.844	2.092.738	13.056.208	31.735.573	16.553.074	40.935.976	2.214.632	22.584.505	49.3	2229	TT_ORF2	ORF1 [Anelloviridae sp.]	92.767	0.0	1063.0
FN8	NODE_2427_length_538_cov_27.030369	Sedoreoviridae	Retroviridae	0.0	0.08	0.04	0.01	0.0	0.0	0.05	0.0	0.0	0.05	0.0	0.03	0.11	0.0	0.01	0.0	0.02	0.0	0.06	0.03	0.05	0.0	0.02	0.09	0.02	0.0	0.01	0.0	0.01	0.18	0.0	0.1	0.03	0.0	34.254.212	24.888.189	9.387.853	75.386.767	37.735.591	32.256.006	6.243.528	55.591.487	24.343.247	9.949.834	24.766.317	62.809.787	25.619.872	2.909.515	73.541.477	3.262.263	7.744.413	9.154.057	55.987.034	34.650.357	579.378	39.566.555	2.793.622	8.194.558	3.480.987	3.099.732	29.823.396	33.358.154	38.102.055	8.635.167	26.385.528	2.744.145	4.735.718	31.290.438	39.78	538	RNase_H, Integrase_Zn	RecName: Full=Intracisternal A-particle Pol-related polyprotein; Contains: RecName: Full=Reverse transcriptase/ribonuclease H; Short=RT; Contains: RecName: Full=Integrase; Short=IN [Golden hamster intracisternal A-particle H18]	73.188	5.79e-60	211.0
FN8	NODE_2106_length_570_cov_4.405680	Anelloviridae	Sedoreoviridae	0.0	0.13	0.0	0.03	0.0	0.04	0.04	0.0	0.0	0.11	0.1	0.02	0.02	0.03	0.04	0.01	0.01	0.05	0.05	0.0	0.02	0.01	0.02	0.01	0.03	0.0	0.0	0.0	0.0	0.0	0.02	0.16	0.04	0.01	6.675.809	56.376.886	5.908.069	11.944.599	7.354.296	62.863.785	25.603.322	9.442.283	47.442.614	24.714.128	6.183.717	27.838.112	22.178.122	70.193.014	20.156.228	7.393.649	2.910.284	24.670.598	6.257.643	11.375.293	1.583.791	56.511.915	67.598.856	23.967.521	6.784.101	5.281.579	5.812.286	65.011.764	25.187.177	15.142.557	51.422.796	22.043.024	15.746.184	70.159.655	55.96	570	Abhydrolase_1, Abhydrolase_6, Hydrolase_4	alpha/beta fold hydrolase [Streptomyces sp. AcH 505]	100.0	1.69e-94	288.0
FN8	NODE_1788_length_611_cov_1.050562	Sedoreoviridae	Flaviviridae	0.01	0.11	0.0	0.02	0.0	0.03	0.05	0.01	0.0	0.14	0.02	0.0	0.03	0.04	0.02	0.11	0.0	0.04	0.08	0.0	0.0	0.01	0.01	0.04	0.03	0.0	0.0	0.0	0.0	0.01	0.02	0.09	0.05	0.03	6,76E+02	4.288.082	20.334.731	9.620.964	4,39E+01	6,37E+01	6,85E+01	15.037.882	4,81E+02	3.967.327	7,42E+01	22.315.257	18.267.334	5,75E+02	6.389.784	5,08E+02	10.688.227	23.548.456	27.975.887	10.312.337	9,33E+01	7,84E+01	48.997.987	27.010.453	6,87E+01	3.093.437	5,89E+01	6,59E+01	4.359.451	8.411.958	4.547.188	9.375.362	18.049.366	7,11E+02	67.1	611	MFS_1	MFS transporter [Bradyrhizobium prioriisuperbiae]	85.714	1.07e-88	277.0
FN8	NODE_1572_length_642_cov_16.361062	Anelloviridae	Anelloviridae	0.01	0.58	0.0	0.01	0.0	0.0	0.01	0.0	0.0	0.03	0.0	0.01	0.04	0.0	0.0	0.01	0.03	0.0	0.09	0.01	0.01	0.0	0.01	0.02	0.02	0.02	0.01	0.01	0.0	0.03	0.0	0.03	0.01	0.0	2,96E+01	9.768.198	6,12E+00	8,87E-01	2,78E+01	3,20E+00	6,19E+00	2,90E+00	2,94E+00	6,54E+01	2,53E+01	1,08E+02	2,36E+02	2,52E+01	4,90E+00	2,55E+00	6,45E+02	6,44E+00	22.825.224	3,44E+00	1,30E+03	3,54E+01	3,87E+01	1,16E+01	3,45E+01	2,69E+01	2,96E+01	3,31E+01	2,55E+01	6,47E+01	6,58E+00	2,98E+02	3,94E+02	3,57E+01	53.27	642	TT_ORF1	MAG: ORF1 protein [Alphatorquevirus homin18]	99.49	8.77e-139	417.0
FN8	NODE_1382_length_675_cov_4.894649	Retroviridae	Sedoreoviridae	0.01	0.05	0.0	0.0	0.0	0.0	0.04	0.0	0.0	0.11	0.08	0.0	0.06	0.06	0.06	0.07	0.0	0.06	0.02	0.0	0.05	0.01	0.05	0.04	0.01	0.0	0.0	0.02	0.0	0.0	0.0	0.15	0.05	0.0	34.319.418	16.607.778	60.514.063	5.547.297	37.807.424	32.317.408	64.226.724	6.172.084	24.389.597	41.740.667	20.376.435	5.065.372	17.654.443	3.270.631	11.440.172	4.285.481	46.574.054	12.717.089	8.470.554	5.231.764	15.595.006	35.773.509	43.115.546	956.039	34.876.133	71.723.787	29.880.167	33.421.651	7.950.912	47.624.537	26.435.754	3.520.629	9.832.517	31.350.004	63.26	675	MFS_1	MFS transporter [Pseudomonadota bacterium]	82.993	5.04e-67	223.0
FN8	NODE_1336_length_686_cov_1.642036	Sedoreoviridae	Sedoreoviridae	0.01	0.08	0.0	0.01	0.01	0.0	0.03	0.0	0.0	0.14	0.03	0.0	0.01	0.08	0.0	0.13	0.01	0.04	0.06	0.0	0.01	0.02	0.02	0.03	0.01	0.0	0.0	0.02	0.0	0.01	0.02	0.15	0.07	0.0	1.715.812	21.136.377	2.072.463	4.812.398	17.860.808	16.157.207	27.894.395	20.776.995	12.193.668	40.847.552	86.558.016	51.291.997	14.830.151	14.573.925	2.444.745	1.395.427	20.370.255	85.492	63.414.796	17.356.551	1.396.167	27.128.845	15.200.129	69.977.087	19.046.776	679.631	149.387	16.709.279	1.973.759	35.841.376	24.058.149	9.268.108	20.259.107	18.032.386	64.58	686	MFS_1	MDR family MFS transporter [Paraburkholderia acidicola]	56.034	1,55E-26	161.0
FN8	NODE_1281_length_694_cov_5.068071	Sedoreoviridae	Sedoreoviridae	0.0	0.07	0.0	0.01	0.0	0.0	0.09	0.0	0.0	0.03	0.12	0.0	0.05	0.01	0.01	0.03	0.0	0.01	0.04	0.0	0.04	0.03	0.05	0.04	0.01	0.0	0.0	0.04	0.0	0.02	0.0	0.21	0.09	0.0	6.519.361	22.004.985	76.517.224	4.641.586	60.345.663	61.390.566	2.206.199	5.562.214	46.330.792	13.420.588	4.402.563	8.368.918	33.826.954	61.095.646	1.073	646.764	4.888.176	72.121.265	47.568.586	6.594.756	16.802.298	6.795.582	77.292	28.025.762	6.625.115	996.759	5.676.075	634.882	70.708.705	6.667.366	91.410.807	9.362.681	9.483.218	5.955.287	54.03	694	Resolvase	recombinase family protein [Bradyrhizobium sp.]	62.595	1.04e-48	171.0
FN8	NODE_985_length_769_cov_19.553468	Phenuiviridae	Anelloviridae	0.0	0.16	0.0	0.02	0.01	0.02	0.02	0.0	0.0	0.1	0.0	0.0	0.07	0.0	0.0	0.0	0.03	0.0	0.14	0.0	0.03	0.06	0.0	0.09	0.03	0.0	0.0	0.0	0.0	0.06	0.0	0.11	0.04	0.01	18.379.117	9.406.258	18.799.925	16.679.551	14.482.638	19.853.713	5.515.547	24.729.634	14.983.383	383.213	3.753.826	27.416.057	12.061.147	20.092.628	24.006.588	18.421.706	3.384.821	14.648.351	7.434.242	32.140.575	1.846.122	2.684.882	16.578.555	5.030.356	23.404.371	29.577.985	1.835.644	20.532.089	45.505.306	56.382.854	16.240.408	8.068.955	17.984.238	22.157.915	51.63	769	DNA_pol_B	uncharacterized protein WHR41_02218 [Cladosporium halotolerans]	94.872	6.13e-94	313.0
FN8	NODE_966_length_774_cov_8.129125	Anelloviridae	Sedoreoviridae	0.01	0.09	0.01	0.03	0.01	0.02	0.05	0.0	0.0	0.09	0.01	0.0	0.08	0.01	0.02	0.0	0.02	0.01	0.11	0.0	0.03	0.0	0.03	0.03	0.01	0.0	0.0	0.0	0.0	0.01	0.01	0.15	0.15	0.01	4.817.642	4.221.986	11.128.787	18.525.768	5.307.276	4.536.606	48.711.775	4.588.056	34.237.278	4.363.577	34.560.207	8.295.429	41.639.945	5.285.352	44.710.428	4.140.112	26.296.573	14.233.913	77.588.055	4.873.357	6.267.051	67.803.515	59.381.165	17.926.805	4.895.791	42.020.455	41.944.743	4.691.616	45.875.264	82.527.045	10.215.206	4.273.122	83.432.436	4.400.805	48.71	774	Pkinase, PK_Tyr_Ser-Thr, Pkinase_fungal	Serine/threonine-protein kinase ste20 [Friedmanniomyces simplex]	98.75	6.97e-112	337.0
FN8	NODE_840_length_816_cov_7.591340	Sedoreoviridae	Sedoreoviridae	0.01	0.06	0.0	0.03	0.0	0.0	0.02	0.01	0.0	0.06	0.12	0.0	0.02	0.03	0.09	0.06	0.01	0.05	0.01	0.0	0.05	0.0	0.07	0.01	0.0	0.0	0.0	0.01	0.0	0.02	0.0	0.18	0.08	0.0	66.843.734	50.102.663	83.487.673	13.969.627	57.833.147	6.294.442	15.761.474	6.365.828	47.503.476	15.420.407	402.539	36.145.372	72.391.605	82.278.217	17.957.997	9.223.598	14.014.341	24.343.347	37.479.186	11.389.884	1.419.097	9.210.203	7.700.162	45.313.136	6.792.804	68.110.705	5.819.742	6.509.516	12.523.964	30.838.022	22.176.849	9.018.433	11.049.208	70.249.656	59.19	816	AAA_19, AAA_30	ATP-dependent DNA helicase [Afipia birgiae]	64.706	4.18e-107	333.0
FN8	NODE_834_length_819_cov_5.047170	Anelloviridae	Sedoreoviridae	0.01	0.15	0.0	0.01	0.0	0.01	0.07	0.0	0.0	0.04	0.0	0.03	0.08	0.0	0.02	0.0	0.04	0.0	0.1	0.01	0.05	0.01	0.08	0.02	0.03	0.0	0.0	0.0	0.0	0.02	0.01	0.17	0.04	0.0	9.871.282	20.280.784	12.371.948	10.987.731	97.973.915	1.066.328	11.967.475	966.133	804.746	2.022.649	133.813.545	9.651.812	18.394.439	12.423.205	18.637.553	7.784.338	18.867.046	452.554	1.599.849	11.454.813	4.679.345	10.568.072	14.395.308	3.801.214	11.507.543	1.024.718	9.859.103	1.102.763	55.991.363	62.586.196	12.153.782	34.699.302	19.356.413	1.034.408	46.4	819	Beta_helix	MAG: T9SS type A sorting domain-containing protein [Sphingobacteriales bacterium]	80.702	1.41e-120	365.0
FN8	NODE_787_length_840_cov_6.470511	Orthoherpesviridae	Flaviviridae	0.0	0.06	0.0	0.0	0.0	0.01	0.03	0.0	0.0	0.14	0.1	0.0	0.02	0.06	0.01	0.1	0.01	0.1	0.02	0.0	0.02	0.0	0.01	0.06	0.01	0.0	0.01	0.01	0.0	0.01	0.0	0.14	0.07	0.0	293.093	26.011.195	4.226.198	35.333.724	32.288.106	27.599.551	561.011	31.795.574	2.533.112	29.978.056	23.712.514	902.255	6.490.676	36.076.936	4.900.339	2.202.201	33.334.065	3.578.374	7.343.597	44.680.047	37.312.903	27.353.123	6.291.224	10.922.437	3.253.548	4.948.877	2.551.811	28.542.592	10.828.904	11.654.932	2.257.653	2.593.934	10.496.303	3.080.271	62.62	840	MFS_1, Sugar_tr	MFS transporter [Bradyrhizobium sp.]	80.952	5.84e-65	221.0
FN8	NODE_684_length_884_cov_2.942999	Phenuiviridae	Orthomyxoviridae	0.0	0.09	0.04	0.02	0.0	0.01	0.01	0.01	0.0	0.02	0.0	0.03	0.01	0.0	0.0	0.0	0.07	0.0	0.2	0.01	0.01	0.02	0.05	0.16	0.03	0.01	0.0	0.0	0.0	0.12	0.0	0.08	0.0	0.0	29.003.378	16.282.825	2.139.199	34.964.907	23.711.475	27.311.463	63.017.732	30.608.354	20.611.656	23.302.736	16.791.712	71.457.527	25.068.254	24.175.153	6.881.132	22.096.338	11.476.891	21.292.327	46.364.153	29.338.798	10.447.785	3.350.139	52.461.317	4.544.784	3.219.587	22.946.054	2.525.176	28.244.662	24.282.413	35.334.274	31.129.024	12.833.177	253.192	30.481.203	43.78	884	zf-H2C2	Pol, partial [Megaderma lyra retrovirus]	53.271	3.73e-51	95.5
FN8	NODE_649_length_906_cov_5.205066	Sedoreoviridae	Sedoreoviridae	0.0	0.05	0.0	0.0	0.0	0.0	0.04	0.0	0.0	0.07	0.09	0.0	0.03	0.06	0.02	0.11	0.0	0.07	0.04	0.0	0.0	0.0	0.04	0.02	0.04	0.0	0.0	0.0	0.0	0.01	0.01	0.22	0.08	0.0	12.520.618	1.317.463	1.280.005	14.849.599	1.083.283	11.790.227	2.241.779	11.923.935	8.897.952	20.606.464	30.929.467	8.379.732	16.566.588	1.316.484	16.693.999	14.744.413	305.074	56.535.825	69.615.466	12.665.417	9.442.486	13.051.109	27.347.389	7.433.975	12.723.715	10.087.269	10.901.063	12.193.084	45.366.944	19.659.354	59.359.465	59.702.176	10.654.742	13.158.588	62.36	906	AAA_31, CbiA	GNVR domain-containing protein [Streptomyces sp. AcH 505]	100.0	0.0	590.0
FN8	NODE_592_length_936_cov_1.880093	Spinareoviridae	Anelloviridae	0.0	0.12	0.01	0.02	0.0	0.02	0.04	0.0	0.0	0.12	0.04	0.0	0.09	0.1	0.03	0.02	0.02	0.05	0.03	0.0	0.0	0.01	0.01	0.06	0.02	0.0	0.0	0.01	0.0	0.02	0.01	0.07	0.08	0.0	7.052.123	76.013.185	108.927.125	1.267.592	61.679.822	66.407.365	1.048.396	11.444.957	5.011.692	33.197.504	6.332.467	57.050.386	9.083.583	8.680.482	9.808.483	6.716.482	19.552.229	89.654.215	31.157.113	7.133.679	60.205.624	842.391	7.289.737	8.215.393	78.283.725	55.792.974	61.399.234	68.676.425	6.784.962	22.305.999	1.663.774	2.130.229	24.452.947	74.114.534	55.66	936	MFS_1, Sugar_tr	hypothetical protein FE257_002547 [Aspergillus nanangensis]	76.154	2.15e-134	402.0
FN8	NODE_492_length_999_cov_171.946855	Anelloviridae	Anelloviridae	0.0	0.77	0.01	0.01	0.0	0.0	0.0	0.0	0.0	0.0	0.0	0.01	0.01	0.0	0.0	0.0	0.0	0.0	0.04	0.0	0.02	0.02	0.01	0.03	0.0	0.02	0.0	0.0	0.0	0.03	0.0	0.02	0.0	0.0	3,24E+01	9.991.517	3,24E+01	9,44E+00	2,65E+01	3,05E+00	2,56E+02	1,64E+01	2,30E+00	2,90E+01	3,29E+01	1,61E+02	6,19E+01	2,75E+01	6,96E+00	3,18E+01	1,85E+02	7,30E+02	2,11E+01	3,66E+01	4,37E+00	3,41E+01	2,26E+01	5,49E+00	3,60E+01	7,57E+00	2,82E+01	3,16E+01	3,62E+01	7,36E+00	2,50E+01	41.296.016	9,59E+01	3,41E+01	42.24	999	TT_ORF1	MAG: ORF1 [Torque teno virus]	99.099	0.0	686.0
FN8	NODE_381_length_1092_cov_5.718563	Sedoreoviridae	Sedoreoviridae	0.0	0.03	0.0	0.0	0.0	0.0	0.03	0.01	0.0	0.0	0.0	0.04	0.06	0.0	0.0	0.0	0.01	0.0	0.11	0.01	0.02	0.0	0.12	0.02	0.03	0.03	0.0	0.0	0.0	0.06	0.0	0.41	0.01	0.0	11.271.772	9.626.695	18.981.821	21.114.126	11.733.387	10.614.237	38.340.548	10.697.496	9.741.844	9.261.055	6.910.973	15.910.632	26.895.413	95.741.195	39.030.525	11.073.751	13.312.588	9.149.715	9.790.116	11.402.128	31.001.498	95.417.514	10.769.718	68.060.253	11.454.617	17.839.348	9.813.757	10.976.912	77.854.036	2.420.601	13.791.228	7.793.873	36.483.914	11.846.109	30.04	1092	RVT_1	hypothetical protein ABT39_MTgene923 [Picea glauca]	47.778	3.69e-35	87.8
FN8	NODE_319_length_1171_cov_8.680288	Hepadnaviridae	Phenuiviridae	0.01	0.11	0.05	0.01	0.0	0.04	0.01	0.0	0.0	0.02	0.01	0.01	0.03	0.0	0.0	0.0	0.05	0.0	0.2	0.0	0.06	0.01	0.02	0.24	0.02	0.0	0.01	0.0	0.0	0.02	0.02	0.02	0.02	0.01	12.280.952	33.984.154	466.424	13.448.438	11.643.141	13.266.285	12.608.344	12.019.749	121.759.195	27.537.301	10.854.414	28.573.193	29.035.068	104.661.975	13.280.773	11.261.935	33.424.903	16.235.381	3.607.927	14.251.039	2.568.754	13.147.837	10.740.599	30.439.764	1.431.664	15.291.743	122.658.005	13.719.576	14.578.673	12.936.739	13.764.493	16.931.975	13.436.274	11.431.414	45.52	1171	RT_RNaseH, RT_RNaseH_2	Ty3/Gypsy family RNase HI domain-containing protein, partial [Actinobacillus pleuropneumoniae]	92.517	5.13e-93	288.0
FN8	NODE_265_length_1244_cov_4.349614	Orthomyxoviridae	Sedoreoviridae	0.01	0.11	0.0	0.03	0.0	0.02	0.06	0.0	0.0	0.12	0.11	0.0	0.03	0.04	0.05	0.03	0.0	0.03	0.05	0.0	0.0	0.01	0.0	0.02	0.0	0.0	0.0	0.01	0.0	0.02	0.0	0.14	0.11	0.0	90.484.566	26.965.789	14.873.748	12.120.927	9.968.083	8.520.618	8.318.913	10.853.877	6.430.418	63.229.613	72.056.875	66.397.287	33.484.194	11.137.781	10.419.389	12.187.152	6.844.671	27.018.054	6.151.806	91.531	12.131.324	11.522.701	16.452.632	16.104.064	9.195.236	81.881.287	78.780.286	8.811.756	26.175.673	4.877.286	7.755.115	25.062.487	3.612.213	9.509.507	56.67	1244	FAD_binding_4, MFS_1	MFS transporter [Streptomyces sp. AcH 505]	100.0	3.66e-170	494.0
FN8	NODE_170_length_1478_cov_6.103498	Sedoreoviridae	Sedoreoviridae	0.0	0.09	0.0	0.0	0.0	0.0	0.01	0.0	0.0	0.08	0.03	0.0	0.08	0.06	0.06	0.14	0.0	0.08	0.03	0.0	0.0	0.01	0.04	0.06	0.02	0.0	0.0	0.01	0.0	0.01	0.0	0.16	0.03	0.0	48.143.384	14.451.475	69.419.425	50.315.905	4.165.362	45.334.958	8.865.443	45.849.103	342.138	6.126.418	29.517.777	1.051.812	19.685.077	45.880.503	5.255.021	7.725.188	41.966.806	22.233.985	4.995.956	4.870.015	7.005.596	4.965.646	17.466.236	8.269.911	4.892.434	49.955.086	4.191.599	46.883.994	29.044.311	7.637.031	37.084.152	46.449.322	12.979.024	5.059.646	66.64	1478	MFS_1	alpha/beta fold hydrolase [Pseudomonadota bacterium]	70.142	9.44e-91	287.0
FN8	NODE_164_length_1488_cov_15.055280	Sedoreoviridae	Phenuiviridae	0.0	0.04	0.04	0.0	0.0	0.01	0.0	0.0	0.0	0.07	0.0	0.02	0.1	0.02	0.02	0.02	0.04	0.03	0.05	0.0	0.03	0.0	0.0	0.3	0.01	0.0	0.0	0.0	0.0	0.15	0.01	0.02	0.02	0.0	4.517.725	36.623.366	56.954.077	5.530.934	44.839.084	48.801.927	4.337.819	56.221.425	4.479.088	102.326.255	9.358.981	35.366.819	74.823.596	56.856.475	8.529.727	4.935.857	141.607.495	21.996.275	15.217.609	7.900.395	46.297	4.836.621	29.133.458	10.779.242	57.529.723	41.001.546	45.121.517	50.469.437	5.466.146	12.110.908	1.385.626	27.236.786	15.660.715	4.838.088	53.02	1488	RVT_1	hypothetical protein SI65_09183 [Aspergillus cristatus]	55.431	2.44e-80	284.0
FN8	NODE_136_length_1562_cov_1.667340	Sedoreoviridae	Sedoreoviridae	0.0	0.1	0.0	0.0	0.01	0.01	0.02	0.0	0.0	0.15	0.07	0.0	0.03	0.08	0.02	0.05	0.02	0.06	0.0	0.0	0.02	0.0	0.03	0.0	0.02	0.0	0.0	0.0	0.0	0.01	0.0	0.24	0.06	0.0	1,50E+02	1,71E+02	2,00E+02	9,01E+02	1,29E+02	1,41E+02	5,16E+02	1,41E+02	1,06E+01	9,51E+01	1.009.815	2,29E+02	1,58E+02	1,57E+01	1,41E+02	1,51E+02	1,25E+02	6,18E+01	1,07E+02	2,28E+02	3,09E+01	1,57E+02	2,48E+02	2,68E+02	1,52E+01	1,35E+02	1,30E+02	1,46E+03	5,73E+02	23.843.409	3,96E+02	99.874.073	120.613.426	1,57E+02	61.72	1562	MFS_1, MFS_2	MFS transporter [Bradyrhizobium prioriisuperbiae]	72.683	9.12e-91	295.0
FN8	NODE_69_length_1956_cov_9.335957	Orthomyxoviridae	Orthomyxoviridae	0.0	0.06	0.05	0.01	0.01	0.0	0.02	0.01	0.0	0.02	0.01	0.06	0.09	0.0	0.0	0.0	0.05	0.0	0.14	0.01	0.02	0.0	0.05	0.07	0.03	0.02	0.0	0.0	0.0	0.03	0.03	0.13	0.08	0.0	23.318.177	22.859.396	7.016.018	19.044.809	27.844.958	25.189.055	3.543.145	22.822.222	23.118.747	1.874.619	21.135.405	31.794.343	4.482.695	22.296.477	2.223.931	18.388.348	20.124.486	1.871.631	8.224.557	27.058.834	46.358.522	22.643.901	6.149.094	18.380.854	27.183.391	21.162.892	23.289.409	26.049.731	22.493.562	29.125.854	31.049.198	8.701.958	40.273.514	24.435.032	44.02	1956	Pkinase, PK_Tyr_Ser-Thr	kinase-like protein [Aspergillus sclerotioniger CBS 115572]	67.626	2.42e-130	398.0
FN8	NODE_37_length_2455_cov_3.790160	Anelloviridae	Anelloviridae	0.0	0.5	0.0	0.02	0.0	0.0	0.0	0.0	0.0	0.0	0.0	0.04	0.01	0.0	0.0	0.0	0.03	0.0	0.06	0.0	0.03	0.02	0.06	0.01	0.0	0.02	0.0	0.0	0.0	0.13	0.0	0.07	0.0	0.0	33.677.302	6.911.831	28.494.475	33.650.799	25.075.774	36.379.325	3.255.174	36.945.064	2.745.507	21.042.463	2.368.673	3.304.938	4.727.649	32.814.415	32.119.157	32.296.712	45.412.616	9.639.974	6.752.562	43.681.986	51.014.656	52.672.527	63.360.897	21.055.562	42.885.435	146.610.895	33.635.749	37.622.359	7.007.893	532.662	29.758.415	49.537.636	14.917.023	31.347.664	36.13	2455	DUF755, TT_ORF2	MAG: ORF1 [Torque teno midi virus]	95.365	0.0	1079.0
FN8	NODE_2514_length_532_cov_1.536264	Orthoherpesviridae	Sedoreoviridae	0.0	0.07	0.01	0.0	0.0	0.0	0.04	0.02	0.0	0.0	0.0	0.01	0.07	0.0	0.0	0.0	0.0	0.0	0.09	0.01	0.05	0.0	0.07	0.02	0.04	0.0	0.0	0.0	0.05	0.03	0.0	0.4	0.02	0.0	14.225.538	2.772.402	1.322.078	9.496.245	11.629.983	13.395.696	35.810.573	16.750.802	12.294.692	764.172	14.811.219	31.953.296	19.158.501	1.208.302	39.568.064	12.911.763	7.374.898	76.490.664	27.058.387	16.084.712	15.631.469	15.251.561	5.241.862	3.230.306	15.791.394	1.986.801	12.385.449	13.853.409	9.800.735	7.923.872	10.957.726	5.106.064	9.137.942	13.280.116	26.13	532	AAA_31	ParA family protein [Caldifermentibacillus hisashii]	100.0	4.96e-18	90.5
FN10	NODE_18_length_2064_cov_2.646200	Sedoreoviridae	Sedoreoviridae	0.0	0.06	0.0	0.02	0.0	0.0	0.05	0.01	0.0	0.09	0.09	0.0	0.02	0.01	0.05	0.1	0.0	0.04	0.02	0.0	0.01	0.03	0.08	0.02	0.01	0.0	0.0	0.02	0.0	0.01	0.0	0.19	0.07	0.0	75.921.346	13.945.135	69.014.435	1.586.675	6.640.469	7.149.247	39.899.737	64.774.845	5.395.459	941.048	5.127.011	61.967.974	73.735.896	7.982.771	19.812.299	8.264.813	89.302.845	12.046.482	10.343.723	76.799.365	26.558.988	8.336.973	5.441.247	4.121.445	77.152.867	68.702.707	66.100.843	73.935.273	8.647.348	67.748.125	65.069.525	56.222.725	756.377	797.898	58.28	2064	AAA_19, AAA_30, Viral_helicase1	relaxase domain-containing protein [Afipia sp.]	69.737	0.0	648.0
FN10	NODE_54_length_1472_cov_2.822222	Astroviridae	Hepadnaviridae	0.02	0.05	0.03	0.01	0.01	0.0	0.03	0.0	0.0	0.03	0.01	0.05	0.13	0.0	0.01	0.0	0.12	0.0	0.11	0.0	0.0	0.0	0.04	0.12	0.03	0.0	0.0	0.0	0.0	0.11	0.02	0.07	0.0	0.0	15.608.243	25.845.673	1.782.076	14.152.038	15.660.226	16.860.535	22.723.857	17.528.262	12.724.456	21.106.714	8.970.936	18.349.893	12.706.344	14.924.357	19.543.957	14.764.971	6.924.648	1.864.962	31.580.023	18.112.086	12.624.965	20.681.834	24.748.577	50.041.966	18.195.465	1.595.067	15.588.986	17.436.638	10.878.393	21.197.462	15.722.448	9.354.667	23.706.084	14.528.537	47.96	1472	RT_RNaseH, RT_RNaseH_2, RVT_1	LOW QUALITY PROTEIN: uncharacterized protein LOC110283944 [Mus caroli]	85.175	0.0	598.0
FN10	NODE_224_length_960_cov_8.497589	Spinareoviridae	Sedoreoviridae	0.0	0.04	0.0	0.02	0.0	0.01	0.05	0.0	0.0	0.11	0.07	0.01	0.09	0.0	0.01	0.0	0.02	0.0	0.07	0.0	0.04	0.03	0.05	0.07	0.02	0.0	0.0	0.0	0.0	0.07	0.0	0.14	0.07	0.01	9.609.442	2.276.986	11.568.522	130.860.545	12.143.842	10.380.432	27.181.614	9.405.059	7.833.998	16.429.724	13.748.384	8.991.218	9.527.842	10.330.564	12.693.649	9.867.682	15.309.407	16.366.573	14.031.028	1.115.097	48.900.828	9.331.573	16.532.237	8.221.744	11.202.301	13.998.451	95.975.865	10.735.118	35.235.714	14.234.245	13.487.445	19.006.221	21.634.132	11.585.171	51.56	960	RVT_1	hypothetical protein OPV22_034763 [Ensete ventricosum]	91.25	0.0	580.0
FN10	NODE_430_length_750_cov_5.506686	Sedoreoviridae	Sedoreoviridae	0.02	0.05	0.0	0.01	0.0	0.01	0.06	0.0	0.0	0.11	0.01	0.0	0.04	0.05	0.02	0.03	0.05	0.0	0.09	0.0	0.01	0.02	0.02	0.07	0.04	0.01	0.0	0.02	0.0	0.03	0.0	0.13	0.1	0.0	27.312.587	8.405.767	24.354.183	10.549.123	30.088.462	25.719.318	42.511.974	4.930.655	19.410.081	21.126.047	29.056.636	25.902.726	10.939.778	2.319.901	70.336.442	26.463.359	96.333.325	38.722.325	10.416.831	27.628.455	12.608.604	2.312.058	37.286.198	5.845.836	27.755.639	36.508.793	23.779.676	26.598.114	73.692.948	47.802.527	23.408.663	6.254.777	108.495.235	2.870.426	54.53	750	SFN2-rel_dom	uncharacterized protein MGL_3814 [Malassezia globosa CBS 7966]	99.259	3.03e-82	277.0
FN10	NODE_512_length_707_cov_1.630159	Sedoreoviridae	Matonaviridae	0.0	0.08	0.0	0.01	0.01	0.02	0.0	0.0	0.0	0.1	0.06	0.01	0.03	0.05	0.02	0.19	0.0	0.07	0.09	0.0	0.04	0.03	0.02	0.03	0.0	0.0	0.0	0.02	0.0	0.02	0.0	0.08	0.02	0.0	10.206.107	14.435.277	12.503.878	21.329.673	94.471.563	9.610.737	206.436	8.707.686	72.531.187	18.239.609	21.818.404	16.850.663	8.702.863	9.564.567	9.621.232	9.720.354	15.521.863	25.833.402	17.957.189	17.390.768	8.883.542	10.638.533	34.512.344	21.050.256	1.132.953	35.090.305	88.859.355	9.939.123	15.215.845	21.089.535	33.860.956	8.317.674	14.943.148	10.726.143	64.21	707	Abhydrolase_1, Abhydrolase_6, Hydrolase_4	alpha/beta fold hydrolase [Rhizobium sp. SG570]	75.745	4.04e-117	348.0
FN10	NODE_1117_length_526_cov_1.806236	Sedoreoviridae	Flaviviridae	0.0	0.06	0.0	0.03	0.0	0.01	0.02	0.0	0.0	0.16	0.09	0.0	0.02	0.07	0.07	0.08	0.02	0.04	0.04	0.0	0.01	0.0	0.04	0.01	0.0	0.0	0.0	0.02	0.0	0.03	0.0	0.15	0.03	0.0	12.632.945	9.883.954	20.153.497	22.587.534	10.930.016	11.896.007	39.555.877	12.030.909	10.918.264	16.342.441	16.874.228	5.100.527	12.112.832	13.859.382	2.588.503	17.723.563	36.492.574	2.251.668	26.242.386	19.258.074	22.390.832	14.592.135	19.843.299	501.107	140.235	19.345.328	10.998.862	1.230.248	7.430.667	2.059.546	9,73E+01	9.542.117	83.185.285	13.276.639	62.36	526	Glrx-like	glutaredoxin family protein [Tepidiphilus thermophilus]	98.824	1,27E-36	173.0
FN11	NODE_4_length_1858_cov_8.058956	Anelloviridae	Anelloviridae	0.0	0.51	0.0	0.0	0.0	0.0	0.05	0.0	0.0	0.0	0.0	0.0	0.01	0.0	0.0	0.0	0.0	0.0	0.06	0.01	0.01	0.0	0.12	0.0	0.0	0.01	0.0	0.0	0.01	0.05	0.0	0.16	0.0	0.0	10.843.072	8.809.091	9.174.359	15.336.068	807.364	11.713.037	12.928.176	10.612.448	8.839.702	13.526.955	12.950.753	22.807.948	15.221.592	10.565.248	2.144.116	10.398.563	11.990.403	17.229.416	5.865.249	14.064.278	17.476.649	19.924.566	24.079.543	46.302.148	13.807.807	4.998.894	12.225.306	12.113.255	18.049.137	1.277.564	95.813.046	13.765.484	22.998.585	11.362.412	34.34	1858	TT_ORF2	MAG: ORF1 [TTV-like mini virus]	99.006	0.0	991.0
FN13	NODE_28_length_1824_cov_6.960504	Anelloviridae	Anelloviridae	0.0	0.53	0.0	0.01	0.0	0.0	0.01	0.0	0.0	0.0	0.0	0.0	0.03	0.0	0.0	0.0	0.0	0.0	0.09	0.0	0.02	0.02	0.05	0.0	0.0	0.02	0.0	0.0	0.01	0.04	0.0	0.17	0.0	0.0	35.175.062	7.616.952	38.656.201	43.368.638	22.831.338	33.123.137	29.797.457	3.726.287	2.499.767	17.763.673	19.823.719	58.974.423	595.595	29.877.322	2.924.428	29.405.956	9.550.906	3.468.495	9.578.128	3.977.218	3.437.144	56.344.406	74.076.676	15.945.258	39.046.907	115.516.875	34.571.777	34.254.908	36.707.597	3.635.914	16.676.283	56.417.855	10.110.925	3.213.161	36.84	1824	DUF755	MAG TPA_asm: hypothetical protein [Betatorquevirus sp.]	92.081	0.0	1010.0
FN13	NODE_34_length_1329_cov_86.371406	Anelloviridae	Anelloviridae	0.0	0.81	0.0	0.0	0.0	0.0	0.01	0.0	0.0	0.0	0.0	0.0	0.03	0.0	0.0	0.0	0.04	0.0	0.04	0.0	0.0	0.0	0.02	0.03	0.0	0.01	0.0	0.0	0.0	0.01	0.0	0.0	0.0	0.0	2,83E+01	9.998.344	2,40E+00	1,40E+01	2,66E+01	3,06E+00	1,70E+00	3,08E+01	2,31E+00	2,38E+01	2,17E+01	3,67E+00	1,05E+02	2,41E-01	1,21E+02	3,50E+01	1,11E+02	2,47E+01	2,89E+02	3,29E+01	2,29E+01	4,63E+00	2,27E+01	1,95E+00	3,61E+01	2,57E+01	2,83E+00	3,16E+01	1,97E+01	6,99E+01	2,50E+00	1,09E+02	2,25E+01	2,97E+01	45.0	1329	TT_ORF1	MAG: ORF1 [Torque teno virus]	94.131	0.0	888.0
FN13	NODE_35_length_1285_cov_20.871689	Anelloviridae	Anelloviridae	0.0	0.91	0.0	0.0	0.0	0.0	0.0	0.0	0.0	0.0	0.0	0.01	0.0	0.0	0.0	0.0	0.0	0.0	0.03	0.0	0.0	0.0	0.0	0.01	0.0	0.01	0.01	0.0	0.0	0.0	0.0	0.01	0.01	0.0	18.325.566	98.626.244	15.505.316	2.591.904	17.186.537	1.979.587	58.893.254	27.661.308	14.939.728	107.115.055	15.908.596	14.104.872	1.203.206	156.176	2.585.071	19.080.724	32.277.658	93.300.623	73.016.906	21.265.307	23.750.807	38.589.214	24.255.794	21.466.277	2.333.618	8.669.686	1.830.295	20.472.267	1.945.869	34.501.732	18.459.646	33.940.023	48.322.388	1.705.788	39.3	1285	TT_ORF1	ORF1 [Anelloviridae sp.]	70.847	3.2e-127	393.0
FN13	NODE_39_length_1185_cov_16.547834	Anelloviridae	Anelloviridae	0.0	0.85	0.0	0.0	0.0	0.0	0.01	0.0	0.0	0.01	0.0	0.0	0.0	0.0	0.0	0.0	0.02	0.0	0.04	0.0	0.02	0.0	0.0	0.0	0.01	0.01	0.0	0.0	0.0	0.01	0.0	0.02	0.0	0.0	4,48E+01	99.973.303	3,79E+00	5,18E+01	4,20E+01	4,84E+01	8,79E-01	4,39E+00	3,65E+00	2,87E+01	2,62E+02	3,19E-01	4,93E+01	3,82E+01	6,32E+01	5,67E+01	8,80E+00	6,63E+01	8,85E+00	5,20E+01	1,36E+02	9,08E+00	5,51E+00	2,50E+01	5,71E+01	1,81E+02	4,48E+01	5,01E+01	4,30E+01	1,16E+02	4,51E+01	5,07E+02	5,31E+01	4,70E+01	41.69	1185	TT_ORF1	MAG: ORF1 [Torque teno virus]	94.177	0.0	795.0
FN13	NODE_46_length_907_cov_19.577108	Anelloviridae	Anelloviridae	0.0	0.44	0.0	0.0	0.0	0.0	0.06	0.0	0.0	0.02	0.0	0.0	0.01	0.0	0.01	0.01	0.02	0.0	0.09	0.01	0.0	0.03	0.02	0.01	0.01	0.06	0.0	0.0	0.0	0.06	0.0	0.14	0.0	0.0	3.730.061	95.131.123	35.493.512	5.693.313	27.773.652	40.293.322	3.160.404	4.075.029	30.408.934	47.649.548	29.776.057	30.944.915	5.535.075	36.344.887	24.215.982	38.837.685	7.795.128	12.989.162	3.681.733	652.296	48.468.745	44.973.218	13.402.126	3.762.964	4.749.942	17.190.955	3.725.457	41.670.093	4.986.149	54.133.637	907.296	7.078.972	64.281.668	3.908.716	35.94	907	TT_ORF2	MAG: ORF1 [TTV-like mini virus]	78.804	1.06e-105	333.0
FN13	NODE_50_length_883_cov_615.369727	Phenuiviridae	Anelloviridae	0.0	0.32	0.02	0.0	0.0	0.03	0.02	0.0	0.0	0.06	0.01	0.0	0.07	0.01	0.08	0.0	0.09	0.0	0.03	0.01	0.07	0.02	0.01	0.02	0.01	0.01	0.0	0.0	0.0	0.04	0.0	0.04	0.02	0.01	42.630.735	21.005.856	45.449.808	57.113.485	39.981.015	460.511	7.613.131	8.549.923	34.754.266	5.519.669	3.919.205	54.239.185	5.796.423	46.605.268	6.963.144	5.323.689	11.911.695	17.060.754	11.645.477	4.946.948	39.793.423	45.639.943	13.787.315	34.453.943	4.969.718	5.080.387	42.578.139	47.624.606	5.902.647	5.749.154	3.766.996	30.014.175	8.570.753	44.672.584	55.15	883	DUF755	ORF1 [Anelloviridae sp.]	100.0	1.33e-122	379.0
FN13	NODE_90_length_539_cov_7.887446	Retroviridae	Anelloviridae	0.0	0.63	0.01	0.0	0.0	0.0	0.01	0.0	0.0	0.0	0.0	0.01	0.0	0.0	0.0	0.0	0.0	0.0	0.09	0.0	0.05	0.01	0.02	0.01	0.01	0.02	0.0	0.0	0.0	0.05	0.0	0.07	0.0	0.01	3.952.135	7.157.717	75.637.577	61.943.303	41.139.876	3.721.587	36.621.701	49.082.655	28.086.412	53.145.816	2.227.316	1.150.209	6.235.918	33.568.998	18.897.368	35.871.407	37.493.394	24.222.799	103.620.425	39.978.405	28.245.484	41.538.333	9.835.883	36.432.967	4.387.159	14.870.732	34.409.221	38.487.485	40.897.513	3.578.278	25.903.946	9.299.463	109.134.585	3.610.183	36.18	539	TT_ORF1	MAG: ORF1 [TTV-like mini virus]	58.242	5,40E-48	219.0
FN13	NODE_75_length_621_cov_583.488971	Anelloviridae	Anelloviridae	0.0	0.19	0.0	0.01	0.0	0.01	0.03	0.0	0.0	0.08	0.02	0.01	0.03	0.08	0.04	0.1	0.05	0.07	0.02	0.0	0.02	0.0	0.0	0.06	0.01	0.0	0.0	0.01	0.0	0.03	0.0	0.11	0.01	0.01	78.312.866	9.350.731	9.459.108	15.509.408	5.083.106	73.744.473	17.279.091	8.527.942	5.565.413	25.996.096	16.246.707	2.268.367	4.984.348	74.631.866	16.113.834	79.305.243	21.434.573	15.370.159	1.781	13.344.176	28.777.483	7.404.387	1.400.676	39.608.707	8.693.301	18.150.433	6.818.301	7.626.423	31.678.108	10.718.267	26.645.982	1.236.243	4.121.793	8.230.318	61.84	621	TT_ORF2	ORF2b [Torque teno virus]	87.821	4.18e-55	184.0
FN13	NODE_76_length_602_cov_88.093333	Orthoherpesviridae	Anelloviridae	0.01	0.16	0.0	0.01	0.0	0.0	0.0	0.0	0.0	0.16	0.0	0.0	0.06	0.02	0.04	0.09	0.02	0.05	0.11	0.0	0.02	0.01	0.01	0.04	0.01	0.0	0.0	0.01	0.0	0.03	0.0	0.1	0.03	0.01	7.242.764	15.921.485	75.526.824	10.975.818	8.648.808	782.387	1.755.148	35.106.733	71.808.198	17.106.026	7.333.865	10.089.769	22.180.278	7.918.018	13.475.738	8.413.836	671.209	16.716.261	13.788.766	9.394.408	34.197.807	10.580.469	13.850.546	10.287.349	8.443.322	9.689.459	7.233.828	80.912	15.592.617	349.408	13.437.718	7.462.084	27.207.118	8.731.897	57.97	602	TT_ORF2a	ORF2 [Torque teno virus]	98.639	1.89e-71	224.0
FN13	NODE_26_length_1971_cov_2131.925554	Anelloviridae	Anelloviridae	0.0	0.85	0.0	0.0	0.0	0.0	0.0	0.0	0.0	0.01	0.0	0.0	0.02	0.0	0.0	0.0	0.0	0.0	0.04	0.0	0.0	0.0	0.02	0.01	0.02	0.0	0.0	0.0	0.0	0.02	0.0	0.0	0.0	0.01	4,32E+01	9.997.918	3,65E+01	1,78E+02	3,21E+01	4,66E+00	6,07E+00	4,68E+01	3,52E+01	1,22E+02	4,26E+00	7,26E+00	2,59E+02	3,68E+00	4,12E+01	4,79E+01	9,45E+00	4,97E+01	1,11E+02	5,01E+01	4,59E+00	6,32E+01	2,78E+01	5,50E+00	5,50E+00	3,92E+01	5,61E+01	4,82E+00	4,15E+01	7,42E+00	4,24E+01	4,19E+01	4,05E-01	4,52E+01	50.28	1971	TT_ORF1	MAG: ORF1 [Torque teno virus]	92.015	0.0	1040.0
FN13	NODE_95_length_528_cov_480.982262	Hepadnaviridae	Anelloviridae	0.0	0.46	0.01	0.0	0.0	0.0	0.0	0.0	0.0	0.0	0.0	0.02	0.06	0.0	0.0	0.0	0.03	0.0	0.06	0.01	0.06	0.02	0.07	0.03	0.01	0.0	0.0	0.0	0.01	0.06	0.0	0.09	0.0	0.0	13.851.926	23.658.002	4.800.463	15.064.771	11.324.527	13.043.872	1.273.509	10.744.838	9.844.063	23.259.327	76.022.907	19.439.891	5.830.038	10.290.726	36.085.455	11.580.043	39.500.715	10.284.563	7.591.203	23.603.088	33.009.306	12.959.351	30.598.221	3.232.191	1.537.665	40.795.878	12.060.164	13.489.565	11.597.207	30.812.353	65.159.644	8.252.212	5.019.033	14.557.729	38.83	528	TT_ORF1	ORF1 protein [Alphatorquevirus homin21]	78.409	3.03e-91	293.0
FN13	NODE_105_length_506_cov_13.764569	Anelloviridae	Anelloviridae	0.0	0.17	0.01	0.01	0.0	0.01	0.0	0.0	0.0	0.13	0.01	0.0	0.05	0.05	0.04	0.08	0.03	0.1	0.09	0.0	0.0	0.0	0.01	0.05	0.0	0.0	0.0	0.0	0.0	0.02	0.01	0.13	0.0	0.0	34.872.547	3.640.548	42.121.205	5.558.732	22.634.983	3.283.827	54.279.035	34.138.763	24.782.687	25.196.064	73.170.713	4.511.778	15.124.106	33.233.438	58.742.543	34.595.889	11.383.927	12.047.568	28.980.535	5.942.133	11.520.652	29.520.232	47.794.143	7.229.906	35.438.233	40.668.515	30.361.747	33.960.314	20.398.844	38.639.765	8.303.427	15.133.808	9.516.891	36.649.427	58.89	506	TT_ORF2	ORF2b [Torque teno virus]	77.778	1,11E-23	143.0
FN13	NODE_63_length_722_cov_220.720930	Anelloviridae	Anelloviridae	0.0	0.34	0.01	0.01	0.0	0.03	0.03	0.01	0.0	0.06	0.0	0.02	0.08	0.02	0.06	0.02	0.01	0.02	0.04	0.0	0.02	0.02	0.02	0.02	0.0	0.02	0.0	0.0	0.0	0.04	0.01	0.08	0.01	0.0	16.276.404	9.295.458	14.513.402	21.175.316	1.345.165	15.326.919	29.498.532	22.941.788	11.567.054	33.084.603	16.601.592	29.845	16.302.923	14.968.481	25.045.623	1.877.725	23.179.424	25.956.728	12.444.166	18.403.593	38.451.203	18.800.643	12.263.411	16.793.057	16.540.424	34.929.095	14.171.035	1.585.062	1.534.512	2.734.708	15.902.516	32.781.444	5.113.767	14.868.116	54.43	722	TT_ORF1	ORF1 protein [Alphatorquevirus homin13]	95.455	1.19e-83	276.0
FN13	NODE_24_length_2320_cov_4.787338	Anelloviridae	Anelloviridae	0.0	0.54	0.01	0.01	0.0	0.0	0.02	0.0	0.0	0.0	0.0	0.0	0.0	0.0	0.0	0.0	0.01	0.0	0.03	0.02	0.02	0.0	0.09	0.01	0.03	0.03	0.01	0.0	0.01	0.05	0.01	0.1	0.0	0.0	30.892.594	82.793.903	26.138.313	436.934	23.002.308	33.371.174	8.501.481	33.890.149	25.184.865	20.675.568	19.449.545	25.628.768	72.556.864	30.101.056	38.433.073	33.750.476	36.743.302	58.074.286	43.054.204	43.458.813	40.766.867	3.799.448	13.206.312	21.888.148	36.013.334	13.104.883	401.455	34.511.427	64.284.215	572.703	31.118.619	11.597.939	5.060.993	28.755.574	34.18	2320	DUF755	MAG: ORF1 [TTV-like mini virus]	90.954	0.0	1091.0
FN13	NODE_16_length_2608_cov_34.666535	Anelloviridae	Anelloviridae	0.0	0.53	0.01	0.01	0.0	0.0	0.03	0.0	0.0	0.0	0.0	0.0	0.01	0.0	0.0	0.0	0.0	0.0	0.05	0.03	0.01	0.01	0.05	0.0	0.0	0.04	0.0	0.0	0.01	0.12	0.01	0.08	0.0	0.0	15.439.065	99.145.025	14.691.091	21.836.473	1.149.577	16.677.777	20.438.932	15.110.688	12.586.538	11.226.419	15.341.901	11.883.181	33.189.743	15.043.483	14.724.741	14.157.999	2.413.003	2.674.897	9,17E+00	17.915.762	17.690.613	2.260.962	38.938.358	9,38E+02	19.660.447	4.975.913	1.542.001	17.247.636	23.033.755	19.714.482	3.755.382	19.763.757	48.341.823	16.178.536	36.0	2608	DUF755, TT_ORF2, SR-25	MAG TPA_asm: hypothetical protein [Betatorquevirus sp.]	93.926	0.0	1186.0
FN13	NODE_7_length_2888_cov_28.270011	Anelloviridae	Anelloviridae	0.01	0.56	0.01	0.01	0.0	0.02	0.0	0.0	0.0	0.02	0.0	0.01	0.02	0.0	0.0	0.0	0.05	0.0	0.08	0.01	0.02	0.02	0.0	0.03	0.04	0.0	0.0	0.0	0.0	0.06	0.0	0.03	0.0	0.0	28.513.095	89.510.584	24.125.036	23.287.695	21.230.557	30.800.782	2.509.113	34.399.524	23.245.006	70.639.774	22.394.992	31.074.535	5.294.776	24.299.717	27.193.883	38.518.293	4.167.534	4.638.277	3.632.666	33.087.125	19.152.866	37.781.533	19.572.726	12.645.902	33.239.427	5.614.173	28.477.928	31.853.204	19.872.629	6.484.382	28.033.613	14.004.847	1.755.204	30.535.026	48.86	2888	DUF755, TT_ORF2	MAG: ORF1 [Torque teno virus]	96.126	0.0	1358.0
FN13	NODE_14_length_2641_cov_14.736739	Anelloviridae	Anelloviridae	0.0	0.97	0.0	0.0	0.0	0.0	0.0	0.0	0.0	0.0	0.0	0.0	0.0	0.0	0.0	0.0	0.0	0.0	0.0	0.0	0.01	0.0	0.0	0.0	0.0	0.0	0.0	0.0	0.0	0.0	0.0	0.02	0.0	0.0	3,20E+00	9.998.691	2,71E+01	2,98E+01	2,39E+01	3,46E+01	5,01E+01	3,90E+01	2,61E-01	1,86E+01	2,25E+00	6,16E+01	6,20E+00	3,12E+01	3,73E+01	3,07E+01	3,81E-01	3,65E+01	1,37E+01	3,72E+01	3,30E+01	5,27E+01	5,53E+00	1,47E+01	4,08E+00	9,33E+00	3,61E+01	3,58E+01	4,33E+01	3,48E+01	2,83E+01	8,40E+00	7,51E+01	2,98E+01	35.59	2641	TT_ORF1	MAG: ORF1 [TTV-like mini virus]	93.139	0.0	1189.0
FN13	NODE_13_length_2663_cov_37.269142	Sedoreoviridae	Anelloviridae	0.0	0.46	0.03	0.0	0.0	0.01	0.04	0.02	0.0	0.01	0.01	0.04	0.01	0.0	0.0	0.0	0.0	0.0	0.04	0.01	0.02	0.02	0.03	0.02	0.02	0.01	0.0	0.0	0.08	0.06	0.0	0.05	0.01	0.0	13.420.633	47.688.477	19.659.277	3.255.244	13.465.331	14.497.404	2.703.208	10.407.876	10.941.031	11.274.001	153.483.115	8.816.578	6.103.413	12.832.599	16.696.434	15.333.408	12.503.099	69.466.405	32.410.396	26.233.269	10.218.085	14.367.964	246.276	15.906.902	15.645.232	1.829.352	13.404.074	14.992.761	52.535.333	655.759	11.858.927	10.425.384	10.363.728	12.492.255	36.12	2663	TT_ORF2	MAG: ORF1 [TTV-like mini virus]	95.122	0.0	1087.0
FN13	NODE_12_length_2700_cov_56.296988	Anelloviridae	Anelloviridae	0.0	0.57	0.0	0.0	0.0	0.0	0.05	0.0	0.0	0.01	0.0	0.0	0.01	0.0	0.0	0.0	0.0	0.0	0.04	0.02	0.04	0.0	0.05	0.0	0.03	0.01	0.01	0.0	0.0	0.09	0.0	0.07	0.0	0.0	30.358	8.873.469	25.685.993	34.559.271	22.604.256	32.793.693	54.214.243	29.712.308	24.749.043	17.586.995	23.220.081	21.624.041	36.774.718	29.580.162	28.953.415	2.393.983	4.358.836	30.142.097	11.760.655	35.227.954	71.591.814	4.445.754	5.646.197	11.663.832	38.658.543	10.502.146	34.227.925	3.391.421	32.937.021	31.181.707	26.825.354	31.307.032	22.948.969	28.257.961	36.81	2700	DUF755, TT_ORF2	MAG: ORF1 [TTV-like mini virus]	94.887	0.0	1159.0
FN13	NODE_10_length_2868_cov_318.776424	Anelloviridae	Anelloviridae	0.0	0.99	0.0	0.0	0.0	0.0	0.0	0.0	0.0	0.0	0.0	0.0	0.0	0.0	0.0	0.0	0.0	0.0	0.0	0.0	0.0	0.0	0.0	0.0	0.0	0.0	0.0	0.0	0.0	0.01	0.0	0.0	0.0	0.0	3,68E+01	9.998.598	3,11E+01	3,01E+01	2,74E+01	3,98E+01	7,02E+01	3,99E+00	3,00E+00	6,95E+00	3,15E+01	2,62E+00	1,39E+02	3,14E+01	3,51E+01	4,55E+00	4,46E+00	4,12E+01	2,28E+01	4,27E+01	9,27E-01	4,41E+00	2,72E+00	2,04E+01	4,69E+01	3,34E+01	4,15E+01	4,11E+01	3,23E+01	6,79E+01	3,25E+00	1,82E+01	2,90E+01	3,94E+01	48.36	2868	TT_ORF1	MAG: ORF1 [Torque teno virus]	96.988	0.0	1261.0
FN13	NODE_9_length_2871_cov_452.173944	Anelloviridae	Anelloviridae	0.01	0.62	0.0	0.0	0.01	0.0	0.01	0.0	0.0	0.01	0.0	0.0	0.01	0.0	0.0	0.0	0.06	0.0	0.05	0.0	0.02	0.05	0.0	0.0	0.01	0.02	0.0	0.0	0.0	0.1	0.0	0.01	0.0	0.01	41.865.725	8.491.927	35.422.717	4.183.276	31.172.791	45.224.708	4.046.649	4.097.528	34.130.597	45.265.574	38.488.745	32.223.326	10.672.869	3.567.923	3.992.871	56.556.314	62.711.216	41.951.616	30.776.786	48.581.725	28.122.093	75.494.763	30.954.415	6.139.033	53.312.737	37.996.103	41.814.055	4.676.998	29.178.918	13.941.847	36.993.974	11.902.807	25.771.619	3.896.963	49.32	2871	DUF755, TT_ORF2	MAG: ORF1 [Torque teno virus]	97.935	0.0	1332.0
FN13	NODE_8_length_2876_cov_28.005002	Anelloviridae	Anelloviridae	0.0	0.86	0.0	0.0	0.0	0.01	0.0	0.0	0.0	0.03	0.0	0.0	0.01	0.0	0.0	0.0	0.01	0.0	0.02	0.0	0.01	0.0	0.0	0.03	0.0	0.0	0.0	0.0	0.0	0.01	0.0	0.01	0.0	0.0	3,95E+00	9.998.634	3,34E+01	3,94E+01	3,11E+00	4,26E+01	3,74E+01	3,86E+01	3,22E+01	7,43E+01	3,63E+01	3,71E+00	5,37E+00	3,36E+01	3,77E+01	4,08E+01	9,39E+00	3,44E+01	1,91E+01	4,58E+00	4,69E+01	5,23E-02	2,71E+01	6,89E+01	4,60E+00	3,58E+01	3,94E+00	4,41E+00	3,04E+01	5,04E+01	3,88E+01	1,68E+00	2,70E+01	4,14E+01	52.29	2876	TT_ORF1	ORF1 protein [Alphatorquevirus homin20]	96.206	0.0	1263.0
FN13	NODE_18_length_2504_cov_9.668727	Anelloviridae	Anelloviridae	0.0	0.89	0.0	0.0	0.0	0.0	0.0	0.0	0.0	0.0	0.0	0.0	0.0	0.0	0.0	0.0	0.0	0.0	0.03	0.0	0.01	0.01	0.0	0.01	0.01	0.01	0.0	0.0	0.0	0.0	0.0	0.03	0.0	0.0	7,21E+00	9.996.966	5,32E-01	6,28E+00	5,96E+00	6,79E+00	1,08E+02	1,14E+03	5,12E+01	3,67E+00	4,42E+00	5,01E+00	6,23E+00	5,35E+01	5,99E+00	5,36E+01	1,56E+02	5,75E+00	4,80E+02	7,29E+01	7,17E+01	1,03E+02	1,08E+02	5,04E+01	8,00E+00	3,31E+02	6,28E+01	7,02E+01	6,82E+01	9,29E+00	5,55E+01	1,05E+02	6,07E+01	5,85E+01	35.78	2504	TT_ORF1	MAG: ORF1 [TTV-like mini virus]	99.827	0.0	1215.0
FN13	NODE_6_length_2946_cov_776.696758	Anelloviridae	Anelloviridae	0.0	0.57	0.0	0.01	0.0	0.0	0.05	0.0	0.0	0.0	0.0	0.01	0.0	0.0	0.0	0.0	0.0	0.0	0.05	0.01	0.04	0.02	0.02	0.0	0.0	0.02	0.01	0.0	0.01	0.08	0.0	0.1	0.0	0.0	13.789.815	94.020.754	11.667.608	156.982	10.267.756	14.896.204	24.102.328	18.712.272	11.242.003	7.988.715	96.951	10.795.298	13.672.719	11.752.095	13.151.796	10.874.432	17.738.831	12.032.933	10.081.525	16.001.951	13.742.322	22.686.883	23.241.725	52.981.806	17.560.255	8.451.331	15.547.689	15.405.187	14.961.318	251.457	13.890.708	53.627.077	25.306.572	128.359	37.07	2946	DUF755, TT_ORF2	MAG: ORF1 [TTV-like mini virus]	99.832	0.0	1187.0
FN13	NODE_5_length_2995_cov_1530.254626	Anelloviridae	Anelloviridae	0.02	0.57	0.01	0.0	0.0	0.02	0.01	0.0	0.0	0.02	0.0	0.01	0.0	0.01	0.0	0.0	0.06	0.0	0.06	0.01	0.03	0.03	0.03	0.0	0.02	0.03	0.0	0.0	0.0	0.05	0.0	0.01	0.0	0.0	38.744.463	86.436.945	3.278.182	5.913.693	28.848.732	4.185.302	26.695.197	37.920.396	3.158.602	28.899.452	3.561.925	29.820.958	4.693.381	33.019.194	3.695.186	5.233.983	10.363.109	38.823.949	18.717.418	44.959.774	70.768.897	5.673.906	2.864.665	23.147.601	4.933.805	35.163.336	3.869.666	4.328.308	27.003.523	8.833.876	34.235.916	20.130.894	26.819.084	46.710.437	48.78	2995	DUF755, TT_ORF2, TT_ORF2a	MAG: ORF1 [Torque teno virus]	99.407	0.0	1401.0
FN13	NODE_4_length_3018_cov_2068.524311	Anelloviridae	Anelloviridae	0.01	0.56	0.02	0.0	0.0	0.03	0.01	0.0	0.0	0.01	0.0	0.0	0.02	0.0	0.0	0.0	0.03	0.0	0.05	0.03	0.02	0.03	0.02	0.01	0.04	0.02	0.0	0.0	0.0	0.08	0.0	0.01	0.0	0.0	22.739.836	9.307.297	19.240.241	2.115.936	16.931.847	24.564.303	28.331.804	27.434.395	18.538.412	17.712.655	19.216.108	16.197.612	22.546.728	19.379.571	21.687.723	19.873.758	24.062.668	19.842.682	77.982.823	26.387.703	1.384.351	33.301.176	15.609.681	87.368.605	28.957.408	20.638.006	22.711.768	25.403.632	199.662	3.554.621	20.093.685	10.306.605	20.113.452	23.828.982	45.69	3018	DUF755, TT_ORF2, TT_ORF2a	MAG: ORF1 protein [Alphatorquevirus homin21]	95.691	0.0	1271.0
FN13	NODE_3_length_3072_cov_4598.808347	Anelloviridae	Anelloviridae	0.02	0.61	0.0	0.01	0.0	0.03	0.02	0.0	0.0	0.05	0.0	0.0	0.04	0.0	0.01	0.0	0.04	0.0	0.06	0.0	0.0	0.0	0.01	0.01	0.02	0.01	0.0	0.0	0.0	0.04	0.0	0.0	0.02	0.0	33.080.855	8.873.978	24.399.413	288.147	21.472.035	31.151.096	27.689.016	3.127.639	23.509.394	6.459.922	26.511.317	22.195.652	65.424.307	24.576.106	27.503.176	38.956.383	53.254.147	25.163.398	19.754.104	3.346.343	19.370.695	4.716.814	21.321.618	18.947.759	33.617.478	26.171.983	28.801.814	3.221.549	20.098.644	1.621.992	25.481.705	10.383.085	22.683.197	34.766.442	48.7	3072	DUF755, TT_ORF2, TT_ORF2a	MAG TPA_asm: hypothetical protein [Alphatorquevirus sp.]	97.063	0.0	1312.0
FN13	NODE_2_length_3154_cov_51150.890153	Anelloviridae	Anelloviridae	0.01	0.55	0.01	0.01	0.0	0.02	0.01	0.0	0.0	0.02	0.0	0.01	0.04	0.0	0.0	0.0	0.02	0.0	0.08	0.0	0.04	0.04	0.02	0.0	0.03	0.0	0.0	0.0	0.0	0.08	0.0	0.01	0.0	0.0	8.900.834	70.653.754	7.531.029	11.444.287	66.274.703	9.614.973	9.510.426	1.073.838	72.563.128	23.398.345	7.605.609	63.400.753	10.782.189	75.855.586	848.902	9.791.343	8.307.535	7.766.834	34.748.318	10.328.693	5.978.884	9.552.672	6.581.045	46.178.265	10.376.236	8.078.136	8.889.857	9.943.505	620.357	13.879.971	9.670.355	7.126.778	77.427.314	9.327.154	48.16	3154	DUF755	MAG: ORF1 [Torque teno virus]	99.127	0.0	1318.0
FN14	NODE_14_length_3098_cov_63428.127772	Anelloviridae	Anelloviridae	0.0	0.92	0.0	0.0	0.0	0.0	0.0	0.0	0.0	0.0	0.0	0.01	0.0	0.0	0.0	0.0	0.01	0.0	0.0	0.0	0.0	0.0	0.0	0.02	0.01	0.0	0.0	0.0	0.0	0.02	0.0	0.01	0.0	0.0	31.784.268	8.955.347	23.443.091	31.541.537	2.598.498	2.993.013	24.731.304	33.427.165	22.587.944	17.774.835	19.479.836	21.325.704	43.872.646	23.612.846	26.425.188	2.364.969	423.939	2.223.909	13.867.236	3.215.185	17.693.934	40.575.503	2.555.459	25.010.135	3.229.984	2.831.499	31.239.127	30.952.806	33.211.678	51.349.094	24.482.952	14.074.033	27.213.763	25.790.473	40.48	3098	TT_ORF1	MAG: ORF1 [Torque teno midi virus]	100.0	0.0	623.0
FN14	NODE_13_length_3113_cov_62802.972661	Anelloviridae	Anelloviridae	0.0	0.91	0.0	0.0	0.0	0.0	0.0	0.0	0.0	0.0	0.0	0.01	0.0	0.0	0.0	0.0	0.01	0.0	0.0	0.0	0.0	0.01	0.0	0.01	0.01	0.0	0.0	0.0	0.0	0.02	0.0	0.02	0.0	0.0	44.538.247	98.540.884	32.850.026	44.198.136	36.411.913	4.194.012	38.564.307	46.840.403	31.651.757	24.907.303	2.729.645	29.883.007	61.477.313	33.087.915	4.523.099	33.139.545	43.730.397	31.162.915	1.943.171	4.505.332	23.635.864	5.685.711	35.808.823	35.045.875	45.260.723	3.967.688	43.774.376	43.373.162	46.538.425	71.953.813	34.307.168	19.721.487	38.133.745	36.139.338	40.41	3113	TT_ORF1	MAG: ORF1 [Torque teno midi virus]	100.0	0.0	623.0
FN14	NODE_16_length_3098_cov_63427.452830	Anelloviridae	Anelloviridae	0.0	0.92	0.0	0.0	0.0	0.0	0.0	0.0	0.0	0.0	0.0	0.01	0.0	0.0	0.0	0.0	0.01	0.0	0.0	0.0	0.0	0.0	0.0	0.02	0.01	0.0	0.0	0.0	0.0	0.02	0.0	0.01	0.0	0.0	31.784.268	8.955.347	23.443.091	31.541.537	2.598.498	2.993.013	24.731.304	33.427.165	22.587.944	17.774.835	19.479.836	21.325.704	43.872.646	23.612.846	26.425.188	2.364.969	423.939	2.223.909	13.867.236	3.215.185	17.693.934	40.575.503	2.555.459	25.010.135	3.229.984	2.831.499	31.239.127	30.952.806	33.211.678	51.349.094	24.482.952	14.074.033	27.213.763	25.790.473	40.48	3098	TT_ORF1	MAG: ORF1 [Torque teno midi virus]	100.0	0.0	623.0
FN14	NODE_15_length_3098_cov_63427.601456	Anelloviridae	Anelloviridae	0.0	0.92	0.0	0.0	0.0	0.0	0.0	0.0	0.0	0.0	0.0	0.01	0.0	0.0	0.0	0.0	0.01	0.0	0.0	0.0	0.0	0.0	0.0	0.02	0.01	0.0	0.0	0.0	0.0	0.02	0.0	0.01	0.0	0.0	31.784.268	8.955.347	23.443.091	31.541.537	2.598.498	2.993.013	24.731.304	33.427.165	22.587.944	17.774.835	19.479.836	21.325.704	43.872.646	23.612.846	26.425.188	2.364.969	423.939	2.223.909	13.867.236	3.215.185	17.693.934	40.575.503	2.555.459	25.010.135	3.229.984	2.831.499	31.239.127	30.952.806	33.211.678	51.349.094	24.482.952	14.074.033	27.213.763	25.790.473	40.48	3098	TT_ORF1	MAG: ORF1 [Torque teno midi virus]	100.0	0.0	623.0
FN14	NODE_11_length_3113_cov_62803.240448	Anelloviridae	Anelloviridae	0.0	0.91	0.0	0.0	0.0	0.0	0.0	0.0	0.0	0.0	0.0	0.01	0.0	0.0	0.0	0.0	0.01	0.0	0.0	0.0	0.0	0.01	0.0	0.01	0.01	0.0	0.0	0.0	0.0	0.02	0.0	0.02	0.0	0.0	44.538.247	98.540.884	32.850.026	44.198.136	36.411.913	4.194.012	38.564.307	46.840.403	31.651.757	24.907.303	2.729.645	29.883.007	61.477.313	33.087.915	4.523.099	33.139.545	43.730.397	31.162.915	1.943.171	4.505.332	23.635.864	5.685.711	35.808.823	35.045.875	45.260.723	3.967.688	43.774.376	43.373.162	46.538.425	71.953.813	34.307.168	19.721.487	38.133.745	36.139.338	40.38	3113	TT_ORF1	MAG: ORF1 [Torque teno midi virus]	100.0	0.0	623.0
FN14	NODE_38_length_3039_cov_64346.688386	Anelloviridae	Anelloviridae	0.0	0.91	0.0	0.0	0.0	0.0	0.0	0.0	0.0	0.01	0.0	0.01	0.0	0.0	0.0	0.0	0.01	0.0	0.0	0.01	0.0	0.0	0.0	0.01	0.01	0.0	0.0	0.0	0.0	0.02	0.0	0.01	0.0	0.0	77.535.305	70.868.546	57.187.635	76.943.184	63.388.357	73.012.277	60.330.103	8.154.298	55.101.546	4.336.034	47.519.575	60.220.226	10.702.393	5.760.171	64.462.237	57.691.596	10.341.664	5.425.056	291.534	7.843.198	43.163	9.898.085	49.973.833	5.793.714	7.879.301	69.072.233	76.205.465	7.550.701	8.101.735	1.252.622	59.724.296	7.200.351	66.385.902	62.913.895	40.01	3039	TT_ORF1	MAG: ORF1 [Torque teno midi virus]	100.0	0.0	623.0
FN14	NODE_8_length_3113_cov_62805.011528	Anelloviridae	Anelloviridae	0.0	0.91	0.0	0.0	0.0	0.0	0.0	0.0	0.0	0.0	0.0	0.01	0.0	0.0	0.0	0.0	0.01	0.0	0.0	0.0	0.0	0.01	0.0	0.01	0.01	0.0	0.0	0.0	0.0	0.02	0.0	0.02	0.0	0.0	44.538.247	98.540.884	32.850.026	44.198.136	36.411.913	4.194.012	38.564.307	46.840.403	31.651.757	24.907.303	2.729.645	29.883.007	61.477.313	33.087.915	4.523.099	33.139.545	43.730.397	31.162.915	1.943.171	4.505.332	23.635.864	5.685.711	35.808.823	35.045.875	45.260.723	3.967.688	43.774.376	43.373.162	46.538.425	71.953.813	34.307.168	19.721.487	38.133.745	36.139.338	40.35	3113	TT_ORF1	MAG: ORF1 [Torque teno midi virus]	100.0	0.0	623.0
FN14	NODE_5_length_3161_cov_61982.765564	Anelloviridae	Anelloviridae	0.0	0.9	0.0	0.0	0.0	0.0	0.0	0.0	0.0	0.0	0.0	0.01	0.0	0.0	0.0	0.0	0.02	0.0	0.0	0.0	0.0	0.01	0.0	0.01	0.01	0.0	0.0	0.0	0.0	0.03	0.0	0.01	0.0	0.0	3,43E+01	9.998.896	2,53E+01	3,40E+01	2,80E+01	3,23E+01	4,08E+01	3,61E+01	2,44E+01	1,92E+01	2,10E+01	2,30E+01	3,74E+01	2,55E+00	2,85E+01	2,55E+01	3,37E+01	2,40E+01	1,50E+01	3,47E+01	2,35E+00	4,38E+01	2,21E+01	2,70E+01	3,48E+01	3,05E+01	3,37E+00	3,34E+01	3,58E+01	5,54E+00	2,64E+01	1,37E+02	2,94E+00	2,78E+00	40.9	3161	DUF755, TT_ORF1	MAG: ORF1 [Torque teno midi virus]	100.0	0.0	623.0
FN14	NODE_4_length_3161_cov_61983.053178	Anelloviridae	Anelloviridae	0.0	0.9	0.0	0.0	0.0	0.0	0.0	0.0	0.0	0.0	0.0	0.01	0.0	0.0	0.0	0.0	0.02	0.0	0.0	0.0	0.0	0.01	0.0	0.01	0.01	0.0	0.0	0.0	0.0	0.03	0.0	0.01	0.0	0.0	3,43E+01	9.998.896	2,53E+01	3,40E+01	2,80E+01	3,23E+01	4,08E+01	3,61E+01	2,44E+01	1,92E+01	2,10E+01	2,30E+01	3,74E+01	2,55E+00	2,85E+01	2,55E+01	3,37E+01	2,40E+01	1,50E+01	3,47E+01	2,35E+00	4,38E+01	2,21E+01	2,70E+01	3,48E+01	3,05E+01	3,37E+00	3,34E+01	3,58E+01	5,54E+00	2,64E+01	1,37E+02	2,94E+00	2,78E+00	40.9	3161	DUF755, TT_ORF1	MAG: ORF1 [Torque teno midi virus]	100.0	0.0	623.0
FN14	NODE_3_length_3165_cov_61917.528821	Anelloviridae	Anelloviridae	0.0	0.89	0.0	0.0	0.0	0.0	0.0	0.0	0.0	0.0	0.0	0.01	0.0	0.0	0.0	0.0	0.02	0.0	0.01	0.0	0.0	0.01	0.0	0.01	0.01	0.0	0.0	0.0	0.0	0.03	0.0	0.01	0.0	0.0	23.785.431	92.343.855	17.543.397	23.603.786	19.445.594	22.397.907	28.295.547	25.014.877	16.903.457	13.301.616	14.577.536	15.958.872	25.931.008	17.670.431	19.775.021	17.698.004	23.353.994	16.642.393	10.377.404	24.060.507	16.323.894	30.364.264	15.330.433	18.716.078	24.171.255	21.189.235	2.337.748	23.163.215	24.853.619	38.426.567	18.321.567	95.375.525	20.365.142	19.300.039	40.92	3165	TT_ORF1	MAG: ORF1 [Torque teno midi virus]	100.0	0.0	623.0
FN14	NODE_17_length_3088_cov_63485.802391	Anelloviridae	Anelloviridae	0.0	0.47	0.0	0.0	0.0	0.0	0.02	0.0	0.0	0.01	0.0	0.03	0.02	0.0	0.0	0.0	0.02	0.0	0.04	0.01	0.01	0.01	0.02	0.04	0.05	0.02	0.01	0.0	0.01	0.14	0.0	0.07	0.0	0.0	2.399.551	9.906.961	17.698.343	2.381.225	19.617.332	22.595.741	18.670.871	252.358	17.052.743	13.419.094	16.993.651	16.099.824	33.121.603	1.782.649	24.368.738	17.854.308	23.560.249	1.678.939	10.469.065	24.273.014	13.358.022	30.632.445	15.465.828	18.881.375	24.384.753	2.137.637	23.583.943	23.367.807	34.551.095	3.876.596	18.483.379	9.621.785	16.839.413	19.470.499	40.48	3088	TT_ORF2, TT_ORF2a	MAG: ORF1 [Torque teno midi virus]	100.0	0.0	623.0
FN14	NODE_9_length_3113_cov_62804.164690	Anelloviridae	Anelloviridae	0.0	0.91	0.0	0.0	0.0	0.0	0.0	0.0	0.0	0.0	0.0	0.01	0.0	0.0	0.0	0.0	0.01	0.0	0.0	0.0	0.0	0.01	0.0	0.01	0.01	0.0	0.0	0.0	0.0	0.02	0.0	0.02	0.0	0.0	44.536.425	98.536.855	32.848.684	4.419.633	36.410.426	41.938.407	38.562.733	46.838.488	31.650.462	24.906.284	27.295.336	29.881.785	614.748	33.086.562	45.229.142	37.231.948	4.372.861	3.116.164	19.430.915	45.051.478	23.634.898	56.854.787	3.580.736	35.044.443	45.258.872	39.675.258	43.772.586	4.337.139	46.536.524	71.950.874	34.305.765	1.972.068	38.132.185	3.613.786	40.35	3113	TT_ORF1	MAG: ORF1 [Torque teno midi virus]	100.0	0.0	623.0
FN14	NODE_36_length_3040_cov_64352.237597	Anelloviridae	Anelloviridae	0.0	0.91	0.0	0.0	0.0	0.0	0.0	0.0	0.0	0.01	0.0	0.01	0.0	0.0	0.0	0.0	0.01	0.0	0.0	0.01	0.0	0.0	0.0	0.01	0.01	0.0	0.0	0.0	0.0	0.02	0.0	0.01	0.0	0.0	77.535.305	70.868.546	57.187.635	76.943.184	63.388.357	73.012.277	60.330.103	8.154.298	55.101.546	4.336.034	47.519.575	60.220.226	10.702.393	5.760.171	64.462.237	57.691.596	10.341.664	5.425.056	291.534	7.843.198	43.163	9.898.085	49.973.833	5.793.714	7.879.301	69.072.233	76.205.465	7.550.701	8.101.735	1.252.622	59.724.296	7.200.351	66.385.902	62.913.895	40.0	3040	TT_ORF1	MAG: ORF1 [Torque teno midi virus]	100.0	0.0	623.0
FN14	NODE_20_length_3056_cov_64010.350789	Anelloviridae	Anelloviridae	0.0	0.92	0.0	0.0	0.0	0.0	0.0	0.0	0.0	0.0	0.0	0.01	0.0	0.0	0.0	0.0	0.01	0.0	0.0	0.01	0.0	0.0	0.0	0.01	0.01	0.0	0.0	0.0	0.0	0.02	0.0	0.01	0.0	0.0	15.511.496	9.420.189	11.440.798	15.393.038	12.681.298	14.606.632	12.069.473	16.313.262	11.023.461	8.674.548	95.066.335	1.204.749	21.410.906	11.523.637	12.896.135	1.154.162	15.230.138	10.853.215	58.323.477	15.690.883	86.350.704	19.801.834	12.471.257	11.590.743	1.576.311	13.818.397	15.245.454	15.105.722	16.208.106	25.059.606	11.948.276	14.404.822	13.280.978	12.586.379	40.22	3056	TT_ORF1	MAG: ORF1 [Torque teno midi virus]	100.0	0.0	623.0
FN14	NODE_24_length_3055_cov_64353.176964	Anelloviridae	Anelloviridae	0.0	0.92	0.0	0.0	0.0	0.0	0.0	0.0	0.0	0.0	0.0	0.01	0.0	0.0	0.0	0.0	0.01	0.0	0.0	0.01	0.0	0.0	0.0	0.01	0.01	0.0	0.0	0.0	0.0	0.02	0.0	0.01	0.0	0.0	31.736.053	8.813.726	23.407.526	3.149.369	25.945.564	29.884.728	24.693.788	33.376.457	22.553.678	17.747.872	19.450.287	246.488	4.380.609	23.577.025	26.385.104	23.613.814	311.604	2.220.535	11.932.807	32.103.073	17.667.093	4.051.395	25.515.826	23.714.309	32.250.844	28.272.036	31.191.737	3.090.585	33.161.296	512.712	24.445.814	29.471.835	2.717.248	2.575.135	40.2	3055	TT_ORF1	MAG: ORF1 [Torque teno midi virus]	100.0	0.0	623.0
FN14	NODE_21_length_3055_cov_64356.180322	Anelloviridae	Anelloviridae	0.0	0.92	0.0	0.0	0.0	0.0	0.0	0.0	0.0	0.0	0.0	0.01	0.0	0.0	0.0	0.0	0.01	0.0	0.0	0.01	0.0	0.0	0.0	0.01	0.01	0.0	0.0	0.0	0.0	0.02	0.0	0.01	0.0	0.0	31.789.022	8.828.436	23.446.595	31.546.257	25.988.868	29.934.607	24.735.003	33.432.164	22.591.322	17.777.494	1.948.275	24.689.941	43.879.203	23.616.375	26.429.142	23.653.228	4.240.024	22.242.412	11.952.724	32.156.655	17.696.581	40.581.576	25.558.413	2.375.389	32.304.672	28.319.224	31.243.796	30.957.435	33.216.644	51.356.773	24.486.615	2.673.319	27.217.832	2.579.433	40.2	3055	TT_ORF1	MAG: ORF1 [Torque teno midi virus]	100.0	0.0	623.0
FN14	NODE_62_length_2897_cov_67588.826950	Anelloviridae	Anelloviridae	0.0	0.9	0.0	0.0	0.0	0.0	0.0	0.0	0.0	0.0	0.0	0.0	0.0	0.0	0.0	0.0	0.0	0.0	0.0	0.01	0.0	0.0	0.0	0.0	0.01	0.02	0.0	0.0	0.0	0.03	0.0	0.03	0.0	0.0	4,06E+01	9.998.154	2,99E+01	4,02E+01	3,32E+01	3,82E+01	3,16E+01	4,27E+01	2,88E+01	2,27E+01	1,90E+02	3,15E+01	6,26E+01	3,01E+01	4,12E+00	3,02E+01	3,89E+00	2,84E+01	1,52E+00	4,10E+00	2,15E+01	5,18E+00	2,61E+01	3,55E+01	4,12E+00	3,61E+01	3,99E+00	3,95E+01	5,84E+00	6,55E+01	3,12E+00	1,91E+02	3,59E+01	3,29E+01	38.9	2897	DUF755, TT_ORF1	MAG: ORF1 [Torque teno midi virus]	100.0	0.0	623.0
FN14	NODE_54_length_2973_cov_65935.333564	Anelloviridae	Anelloviridae	0.0	0.9	0.0	0.0	0.0	0.0	0.0	0.0	0.0	0.01	0.0	0.0	0.0	0.0	0.0	0.0	0.0	0.0	0.0	0.01	0.0	0.0	0.01	0.01	0.01	0.0	0.0	0.0	0.0	0.02	0.0	0.03	0.0	0.0	13.924.296	4.366.052	10.270.129	1.381.796	113.837	13.112.022	10.834.479	14.644.029	98.955	77.869.333	56.500.893	10.814.741	19.220.065	10.344.496	1.157.655	10.360.639	18.572.235	9.742.671	60.750.656	14.085.329	73.894.383	17.775.629	11.195.152	12.176.224	14.150.162	12.404.448	13.685.477	13.560.043	14.549.626	22.495.404	1.072.568	11.399.632	15.030.943	11.298.489	39.35	2973	TT_ORF1	MAG: ORF1 [Torque teno midi virus]	100.0	0.0	623.0
FN14	NODE_50_length_2996_cov_65398.218568	Anelloviridae	Anelloviridae	0.0	0.9	0.0	0.0	0.0	0.0	0.0	0.0	0.0	0.0	0.0	0.01	0.0	0.0	0.0	0.0	0.01	0.0	0.0	0.0	0.0	0.01	0.0	0.0	0.0	0.0	0.0	0.0	0.0	0.03	0.0	0.04	0.0	0.0	4,06E+00	99.985.015	2,99E+01	4,02E+00	3,32E+00	3,82E+01	3,16E+01	4,27E+00	2,88E+01	2,27E+01	1,90E+02	3,15E+00	5,60E-01	3,01E+01	4,12E+00	3,02E+01	3,98E-01	2,84E+01	1,51E+01	4,10E+01	2,15E+01	5,18E+00	2,61E+01	3,71E+01	4,12E+01	3,61E+01	3,99E+00	3,95E+00	5,84E+01	6,55E+00	3,12E+01	1,39E+02	6,63E+01	3,29E+01	39.69	2996	DUF755, TT_ORF1	MAG: ORF1 [Torque teno midi virus]	100.0	0.0	623.0
FN14	NODE_49_length_2996_cov_65404.289483	Anelloviridae	Anelloviridae	0.0	0.9	0.0	0.0	0.0	0.0	0.0	0.0	0.0	0.0	0.0	0.01	0.0	0.0	0.0	0.0	0.01	0.0	0.0	0.0	0.0	0.01	0.0	0.0	0.0	0.0	0.0	0.0	0.0	0.03	0.0	0.04	0.0	0.0	4,06E+00	99.985.015	2,99E+01	4,02E+00	3,32E+00	3,82E+01	3,16E+01	4,27E+00	2,88E+01	2,27E+01	1,90E+02	3,15E+00	5,60E-01	3,01E+01	4,12E+00	3,02E+01	3,98E-01	2,84E+01	1,51E+01	4,10E+01	2,15E+01	5,18E+00	2,61E+01	3,71E+01	4,12E+01	3,61E+01	3,99E+00	3,95E+00	5,84E+01	6,55E+00	3,12E+01	1,39E+02	6,63E+01	3,29E+01	39.69	2996	DUF755, TT_ORF1	MAG: ORF1 [Torque teno midi virus]	100.0	0.0	623.0
FN14	NODE_48_length_2997_cov_65375.769521	Anelloviridae	Anelloviridae	0.0	0.9	0.0	0.0	0.0	0.0	0.0	0.0	0.0	0.0	0.0	0.01	0.0	0.0	0.0	0.0	0.01	0.0	0.0	0.0	0.0	0.01	0.0	0.0	0.0	0.0	0.0	0.0	0.0	0.03	0.0	0.04	0.0	0.0	25.291.736	90.658.665	186.544	2.509.859	20.677.052	23.816.342	1.967.946	26.599.027	17.973.925	14.143.987	118.588.945	19.643.619	34.910.818	18.789.469	25.685.122	18.818.789	24.832.976	17.696.337	939.736	2.558.423	1.342.198	32.287.198	16.301.285	23.160.125	25.701.993	22.531.112	24.857.947	24.630.113	3.641.753	40.860.074	1.948.185	86.746.765	413.313	20.522.287	39.71	2997	TT_ORF1	MAG: ORF1 [Torque teno midi virus]	100.0	0.0	623.0
FN14	NODE_35_length_3044_cov_64580.942703	Anelloviridae	Anelloviridae	0.0	0.92	0.0	0.0	0.0	0.0	0.0	0.0	0.0	0.01	0.0	0.01	0.0	0.0	0.0	0.0	0.01	0.0	0.0	0.0	0.0	0.0	0.0	0.01	0.01	0.0	0.0	0.0	0.0	0.02	0.0	0.01	0.0	0.0	66.982.596	75.420.815	49.404.283	66.471.095	547.611	6.307.519	52.119.084	7.044.486	4.760.214	3.745.891	4.105.207	5.202.416	924.578	49.762.027	5.568.883	49.839.676	8.934.143	46.866.974	25.185.565	6.775.724	37.288.435	8.550.936	43.172.296	50.051.804	68.069.156	59.671.397	6.583.379	6.523.039	69.990.736	10.821.382	51.595.727	56.329.466	57.350.653	54.351.194	40.08	3044	TT_ORF1	MAG: ORF1 [Torque teno midi virus]	100.0	0.0	623.0
FN14	NODE_43_length_3002_cov_65522.325812	Anelloviridae	Anelloviridae	0.0	0.89	0.0	0.0	0.0	0.0	0.0	0.0	0.0	0.01	0.0	0.01	0.0	0.0	0.0	0.0	0.01	0.0	0.0	0.01	0.0	0.0	0.01	0.01	0.0	0.0	0.0	0.0	0.0	0.03	0.0	0.02	0.0	0.0	14.485.718	4.542.089	10.684.216	14.375.094	11.842.686	13.640.692	1.127.132	15.234.469	10.294.482	8.100.899	8.877.958	11.250.787	1.999.501	10.761.581	12.043.311	10.778.375	1.932.106	1.013.549	5.777.571	14.653.243	8.064.032	18.492.334	9.336.481	12.029.107	1.472.069	12.904.591	14.237.269	141.067.775	15.136.261	23.402.408	11.158.134	13.452.229	12.402.704	11.754.039	39.77	3002	TT_ORF1	MAG: ORF1 [Torque teno midi virus]	100.0	0.0	623.0
FN14	NODE_39_length_3012_cov_65177.503578	Anelloviridae	Anelloviridae	0.0	0.9	0.0	0.0	0.0	0.0	0.0	0.0	0.0	0.01	0.0	0.01	0.0	0.0	0.0	0.0	0.01	0.0	0.0	0.01	0.0	0.0	0.01	0.01	0.01	0.0	0.0	0.0	0.0	0.02	0.0	0.01	0.0	0.0	6.655.456	7.493.886	4.908.858	6.604.633	5.441.116	62.672.123	5.178.603	699.947	47.297.953	37.219.538	40.789.736	51.691.714	9.186.697	49.444.037	5.533.296	4.952.119	8.877.052	46.567.484	25.024.624	6.732.425	37.050.152	8.496.294	42.896.415	5.526.767	67.634.177	5.929.008	65.413.094	6.481.355	69.543.477	10.752.231	51.266.016	6.180.621	5.698.417	54.003.876	39.94	3012	TT_ORF1	MAG: ORF1 [Torque teno midi virus]	100.0	0.0	623.0
FN14	NODE_33_length_3048_cov_64493.839448	Anelloviridae	Anelloviridae	0.0	0.92	0.0	0.0	0.0	0.0	0.0	0.0	0.0	0.01	0.0	0.01	0.0	0.0	0.0	0.0	0.01	0.0	0.0	0.0	0.0	0.0	0.0	0.01	0.01	0.0	0.0	0.0	0.0	0.02	0.0	0.01	0.0	0.0	66.520.777	7.490.082	4.906.366	660.128	54.383.543	6.264.031	5.175.974	6.995.917	47.273.943	37.200.644	4.076.903	51.665.474	9.182.034	49.418.937	55.304.873	4.949.605	8.872.545	46.543.847	2.501.192	67.290.077	37.031.346	8.491.981	5.348.279	49.706.716	67.599.844	59.259.986	65.379.892	6.478.065	69.508.175	10.746.772	51.239.994	61.774.835	5.695.524	5.397.646	40.09	3048	TT_ORF1	MAG: ORF1 [Torque teno midi virus]	100.0	0.0	623.0
FN14	NODE_31_length_3048_cov_64504.416022	Anelloviridae	Anelloviridae	0.0	0.91	0.0	0.0	0.0	0.0	0.0	0.0	0.0	0.01	0.0	0.01	0.0	0.0	0.0	0.0	0.01	0.0	0.0	0.01	0.0	0.0	0.0	0.01	0.01	0.0	0.0	0.0	0.0	0.02	0.0	0.01	0.0	0.0	6.667.688	75.076.586	49.178.796	6.616.771	54.511.162	62.787.305	51.881.205	70.123.337	4.738.488	37.287.942	408.647	51.786.713	9.203.581	49.534.906	55.434.657	496.122	6.546.747	4.665.307	25.070.615	67.447.983	37.118.245	8.511.908	53.608.296	49.823.364	6.775.848	59.399.046	65.533.314	6.493.267	69.671.287	10.771.992	51.360.237	619.198	57.088.896	54.103.127	40.06	3048	TT_ORF1	MAG: ORF1 [Torque teno midi virus]	100.0	0.0	623.0
FN14	NODE_25_length_3055_cov_64353.143385	Anelloviridae	Anelloviridae	0.0	0.92	0.0	0.0	0.0	0.0	0.0	0.0	0.0	0.0	0.0	0.01	0.0	0.0	0.0	0.0	0.01	0.0	0.0	0.01	0.0	0.0	0.0	0.01	0.01	0.0	0.0	0.0	0.0	0.02	0.0	0.01	0.0	0.0	31.736.053	8.813.726	23.407.526	3.149.369	25.945.564	29.884.728	24.693.788	33.376.457	22.553.678	17.747.872	19.450.287	246.488	4.380.609	23.577.025	26.385.104	23.613.814	311.604	2.220.535	11.932.807	32.103.073	17.667.093	4.051.395	25.515.826	23.714.309	32.250.844	28.272.036	31.191.737	3.090.585	33.161.296	512.712	24.445.814	29.471.835	2.717.248	2.575.135	40.2	3055	TT_ORF1	MAG: ORF1 [Torque teno midi virus]	100.0	0.0	623.0
FN14	NODE_44_length_3002_cov_65400.547350	Anelloviridae	Anelloviridae	0.0	0.88	0.0	0.0	0.0	0.0	0.0	0.0	0.0	0.01	0.0	0.01	0.0	0.0	0.0	0.0	0.01	0.0	0.0	0.01	0.01	0.0	0.01	0.01	0.0	0.0	0.0	0.0	0.0	0.03	0.0	0.02	0.0	0.0	14.485.718	4.542.089	10.684.216	14.375.094	11.842.686	13.640.692	1.127.132	15.234.469	10.294.482	8.100.899	8.877.958	11.250.787	1.999.501	10.761.581	12.043.311	10.778.375	1.932.106	1.013.549	5.777.571	14.653.243	8.064.032	18.492.334	9.336.481	12.029.107	1.472.069	12.904.591	14.237.269	141.067.775	15.136.261	23.402.408	11.158.134	13.452.229	12.402.704	11.754.039	39.74	3002	TT_ORF1	MAG: ORF1 [Torque teno midi virus]	100.0	0.0	623.0
FN16	NODE_250_length_1490_cov_4.873319	Sedoreoviridae	Sedoreoviridae	0.0	0.01	0.0	0.0	0.0	0.01	0.05	0.0	0.0	0.09	0.09	0.0	0.06	0.05	0.06	0.07	0.0	0.07	0.02	0.0	0.02	0.0	0.04	0.01	0.0	0.0	0.0	0.02	0.0	0.03	0.0	0.22	0.08	0.0	1.209.734	12.119.395	10.786.997	25.698.561	13.326.835	1.139.164	2.564.377	11.520.827	8.597.143	2.463.037	9.272.014	370.547	23.207.695	12.719.781	17.706.566	14.011.496	12.202.235	7.404.232	7.192.518	12.237.242	3.327.022	11.289.926	17.748.815	12.229.893	12.293.571	10.947.118	10.532.535	11.780.878	37.190.483	2.491.448	10.368.206	79.990.685	13.367.443	12.713.742	61.07	1490	MFS_1, Sugar_tr	D-galactonate transporter [Bradyrhizobium erythrophlei]	93.857	3,34E-136	452.0
FN16	NODE_226_length_1549_cov_25.813859	Sedoreoviridae	Sedoreoviridae	0.0	0.09	0.0	0.04	0.0	0.01	0.03	0.0	0.0	0.11	0.1	0.0	0.01	0.03	0.02	0.02	0.01	0.05	0.05	0.0	0.01	0.01	0.02	0.01	0.02	0.01	0.0	0.01	0.0	0.0	0.0	0.23	0.11	0.0	22.398.965	29.601.194	2.350.644	34.913.542	2.467.545	2.109.232	46.043.154	21.420.335	15.918.135	67.209.937	15.126.145	16.324.057	52.498.877	21.346.128	21.115.353	25.840.532	16.943.605	14.763.888	17.588.032	22.658.005	2.038.218	24.596.439	22.348.822	62.442.464	22.762.297	18.045.784	19.501.635	21.813.016	5.233.756	15.997.568	19.197.367	6.803.021	33.196.736	2.354.027	57.0	1549	Phage_integrase	tyrosine-type recombinase/integrase [Bradyrhizobium sp.]	80.0	2.81e-51	190.0
FN16	NODE_222_length_1566_cov_11.667562	Sedoreoviridae	Flaviviridae	0.01	0.12	0.0	0.01	0.0	0.02	0.05	0.0	0.0	0.13	0.02	0.0	0.02	0.02	0.07	0.07	0.0	0.05	0.1	0.0	0.01	0.03	0.02	0.05	0.02	0.01	0.0	0.0	0.0	0.01	0.01	0.12	0.02	0.01	10.883.215	12.398.609	8.027.121	9.626.949	9.416.151	10.248.347	17.365.815	11.617.357	77.343.127	18.628.817	974.612	10.386.847	11.097.671	10.371.668	18.444.598	90.626.115	12.145.256	37.650.783	1.005.004	110.090.785	704.749	13.175.513	70.239.347	10.049.278	11.059.758	8.610.273	947.546	1.059.852	8.995.447	11.151.126	9.327.623	5.519.063	12.298.931	9.941.568	56.77	1566	Acetyltransf_1, Acetyltransf_10, Acetyltransf_7	MULTISPECIES: GNAT family acetyltransferase [unclassified Mesorhizobium]	87.591	4.34e-81	260.0
FN16	NODE_149_length_1808_cov_8.837666	Sedoreoviridae	Sedoreoviridae	0.01	0.06	0.0	0.01	0.0	0.01	0.02	0.0	0.0	0.11	0.12	0.0	0.05	0.07	0.05	0.04	0.0	0.02	0.05	0.0	0.04	0.01	0.03	0.02	0.01	0.0	0.0	0.02	0.0	0.07	0.0	0.14	0.04	0.0	5,90E+01	101.749.545	7,06E+01	20.798.933	6,50E+02	5,55E+02	11.092.785	5,03E+01	4,19E+02	6,98E+01	9,85E+00	8,03E+00	9,89E+01	5,62E+01	20.653.574	6,81E+01	7,70E+01	46.952.075	3,36E+02	5,97E+02	11.224.218	6,15E+02	130.517	4,50E+02	5,99E+01	4,67E-01	5,14E+01	5,74E+01	1.890.648	82.925.183	4,54E+01	99.505.204	11.765.611	6,20E+01	59.62	1808	RVT_1, Intron_maturas2	reverse transcriptase domain-containing protein [Pelagerythrobacter aerophilus]	95.349	0.0	1118.0
FN16	NODE_89_length_2113_cov_4.576621	Sedoreoviridae	Sedoreoviridae	0.01	0.03	0.0	0.02	0.0	0.0	0.03	0.0	0.0	0.12	0.05	0.0	0.02	0.01	0.07	0.11	0.0	0.05	0.03	0.0	0.0	0.0	0.05	0.01	0.02	0.0	0.0	0.02	0.01	0.0	0.0	0.29	0.05	0.0	9.821.113	10.773.492	72.437.484	11.647.961	9.090.788	9.248.202	34.717.012	83.792.163	6.979.515	15.986.427	66.322.526	7.359.986	84.886.025	12.088.843	14.679.389	14.026.392	11.533.434	6.121.544	6.708.093	9.934.693	15.084.943	8.313.743	74.255.146	13.633.972	9.980.428	88.873.215	8.550.742	9.564.201	17.731.596	15.140.965	7.565.062	9.250.572	14.471.466	10.321.534	62.09	2113	Abhydrolase_1, Abhydrolase_6, Hydrolase_4	alpha/beta fold hydrolase [Paracoccus xiamenensis]	90.566	7.39e-171	501.0
FN16	NODE_92_length_2082_cov_14.228928	Sedoreoviridae	Sedoreoviridae	0.01	0.03	0.0	0.03	0.0	0.01	0.05	0.0	0.0	0.15	0.07	0.0	0.01	0.06	0.11	0.04	0.02	0.02	0.02	0.0	0.01	0.01	0.01	0.01	0.0	0.0	0.0	0.03	0.0	0.0	0.01	0.21	0.08	0.0	5.782.448	74.680.727	42.649.545	9.346.591	63.701.393	5.445.131	10.821.503	61.725.075	41.093.794	9.354.426	39.049.193	48.123.165	4.997.896	60.799.713	7.464.349	496.923	39.374.176	4.409.156	6.614.125	58.493.214	888.167	53.965.133	40.329.397	71.749.208	58.762.482	45.747.925	50.344.826	56.311.847	9.255.156	5.416.888	4.955.934	701.944	2.874.764	6.077.084	59.99	2082	MFS_1, Sugar_tr	MFS transporter [Bradyrhizobium sp.]	78.601	0.0	697.0
FN16	NODE_54_length_2708_cov_304.278601	Anelloviridae	Anelloviridae	0.01	0.52	0.0	0.01	0.0	0.0	0.0	0.0	0.0	0.0	0.0	0.02	0.03	0.0	0.0	0.0	0.02	0.0	0.04	0.01	0.02	0.01	0.03	0.02	0.03	0.02	0.01	0.0	0.0	0.15	0.0	0.05	0.0	0.0	20.597.044	88.524.723	15.191.741	2.043.975	1.336.907	19.395.514	18.450.319	19.473.535	14.637.584	11.518.563	96.576.335	13.919.749	34.734.916	15.301.746	36.520.103	14.158.991	24.211.595	22.915.832	7.889.967	20.835.246	15.158.383	26.293.998	14.549.779	14.004.861	22.864.225	4.809.009	2.066.917	20.058.234	21.724.286	71.613	15.865.599	46.111.834	35.367.407	16.712.908	41.1	2708	DUF755, TT_ORF2	MAG: ORF1 [Torque teno midi virus]	98.321	0.0	1144.0
FN16	NODE_35_length_3010_cov_2596.916127	Anelloviridae	Anelloviridae	0.0	0.93	0.0	0.0	0.0	0.0	0.01	0.0	0.0	0.0	0.0	0.0	0.01	0.0	0.0	0.0	0.0	0.0	0.0	0.0	0.0	0.0	0.01	0.01	0.01	0.0	0.01	0.0	0.0	0.0	0.0	0.0	0.01	0.0	3,03E+01	99.990.237	2,57E+01	2,82E+01	2,26E+01	3,28E+00	1,94E+00	3,29E+01	2,47E-01	2,85E+01	2,79E+01	2,16E+01	4,26E+01	2,95E+00	2,89E+01	3,14E+01	4,38E+00	3,04E+01	1,16E+01	3,52E+01	3,27E+01	2,94E+01	2,24E+01	3,44E+01	3,86E+00	2,75E+00	3,03E+01	3,39E+01	2,11E+01	4,53E+00	2,98E+01	1,79E+01	2,81E+01	3,66E+00	50.66	3010	TT_ORF1	ORF1 [Anelloviridae sp.]	97.262	0.0	1280.0
FN16	NODE_18_length_3790_cov_4.253973	Sedoreoviridae	Sedoreoviridae	0.0	0.03	0.0	0.02	0.0	0.01	0.07	0.0	0.0	0.22	0.07	0.0	0.02	0.03	0.06	0.08	0.0	0.06	0.0	0.0	0.01	0.0	0.02	0.0	0.0	0.0	0.0	0.01	0.0	0.0	0.0	0.23	0.06	0.0	28.625.312	32.214.506	34.246.068	3.846.212	31.534.606	26.955.453	11.217.459	34.662.737	2.034.298	37.455.184	35.712.677	39.099.683	32.414.263	30.098.166	7.470.009	2.991.579	18.796.426	25.683.902	13.819.729	2.895.636	5.371.625	3.143.363	22.126.953	25.851.817	29.089.646	2.264.695	249.226	27.876.487	4.446.698	26.281.145	24.533.754	83.563.614	3.235.822	30.083.875	63.14	3790	MFS_1, Sugar_tr, MFS_2, TRI12	aldolase/citrate lyase family protein [Amycolatopsis sp. NPDC051371]	58.185	0.0	590.0
FN16	NODE_111_length_1970_cov_8.863180	Sedoreoviridae	Sedoreoviridae	0.01	0.06	0.0	0.03	0.0	0.0	0.06	0.0	0.0	0.12	0.12	0.0	0.03	0.03	0.05	0.05	0.02	0.03	0.03	0.0	0.0	0.01	0.02	0.01	0.02	0.0	0.0	0.0	0.0	0.0	0.0	0.2	0.1	0.0	35.612.253	4.163.109	37.373.037	4.293.221	39.231.656	33.534.812	39.551.235	33.915.113	25.308.346	335.947	2.835.961	26.132.148	6.467.423	4.383.525	29.607.748	44.339.867	23.422.216	42.743.225	32.686.265	36.024.102	5.469.935	33.235.387	34.580.287	50.621.014	36.189.922	32.226.222	31.005.773	34.680.653	44.769.617	30.096.178	30.522.016	76.336.235	23.953.669	37.426.827	56.95	1970	FAD-oxidase_C, FAD_binding_4, MFS_1	FAD-linked oxidase C-terminal domain-containing protein [Streptomyces sp. AcH 505]	99.451	0.0	696.0
FN16	NODE_17_length_3835_cov_4.032198	Sedoreoviridae	Sedoreoviridae	0.01	0.04	0.0	0.01	0.0	0.0	0.01	0.0	0.0	0.18	0.08	0.0	0.01	0.02	0.09	0.02	0.0	0.04	0.04	0.0	0.03	0.0	0.04	0.0	0.02	0.0	0.0	0.01	0.0	0.01	0.01	0.28	0.05	0.0	6.344.564	3.960.188	5.262.768	56.122.034	5.489.312	59.744.557	6.494.104	54.130.796	4.508.857	6.411.061	42.845.212	42.462.554	54.837.475	7.809.549	15.110.187	71.989.377	41.728.276	55.115.297	35.018.867	6.417.937	10.744.684	6.613.378	5.503.097	37.723.496	6.447.482	50.195.134	55.238.875	6.178.595	5.862.868	6.155.511	5.437.703	5.856.827	13.301.797	66.678.417	59.17	3835	NAD_binding_10, 3Beta_HSD, Epimerase, GDP_Man_Dehyd, NAD_binding_4, NmrA, RmlD_sub_bind	M24 family metallopeptidase [Azospirillum sp. B4]	77.419	0.0	650.0
FN16	NODE_356_length_1264_cov_2.969671	Sedoreoviridae	Sedoreoviridae	0.01	0.07	0.0	0.03	0.0	0.0	0.02	0.0	0.0	0.09	0.07	0.0	0.01	0.1	0.04	0.1	0.0	0.07	0.04	0.0	0.03	0.0	0.01	0.04	0.01	0.0	0.0	0.01	0.0	0.0	0.0	0.19	0.06	0.0	18.715.118	2.969.326	22.928.559	22.561.937	19.481.552	1.762.337	4.018.174	229.226	13.300.161	12.204.297	114.746.485	27.622.539	16.175.886	23.036.504	2.739.284	22.039.122	14.656.885	53.430.833	4.456.192	28.529.938	20.671.522	15.842.665	56.672.604	73.975.977	19.018.697	19.419.384	16.294.299	18.225.539	37.662.066	11.886.919	7.085.221	39.542.034	3.692.188	17.095.823	64.16	1264	MFS_1	MFS transporter [Bradyrhizobium prioriisuperbiae]	89.439	2,32E-134	444.0
FN16	NODE_360_length_1257_cov_4.822881	Sedoreoviridae	Sedoreoviridae	0.0	0.07	0.0	0.02	0.0	0.0	0.06	0.01	0.0	0.11	0.09	0.01	0.01	0.06	0.03	0.04	0.0	0.07	0.08	0.0	0.01	0.0	0.03	0.03	0.01	0.0	0.0	0.0	0.0	0.0	0.01	0.18	0.07	0.0	8.226.667	11.122.888	8.122.673	32.220.114	7.117.706	7.746.767	15.857.337	8.681.909	5.846.398	5.527.375	655.126	8.424.126	71.104.867	10.126.234	12.041.167	70.697.046	8.513.939	35.940.126	15.733.544	8.321.807	16.710.073	8.625.202	6.698.286	73.375.837	8.360.115	65.085.394	71.625.384	8.011.464	12.779.424	3.626.247	70.507.876	47.435.132	5.361.737	75.148.717	57.36	1257	LysR_substrate, MFS_1, Sugar_tr, MFS_4	MFS transporter, AAHS family, 4-hydroxybenzoate transporter [Bradyrhizobium erythrophlei]	63.38	1,73E-50	230.0
FN16	NODE_2170_length_502_cov_3.047059	Pneumoviridae	Sedoreoviridae	0.01	0.05	0.0	0.03	0.0	0.02	0.02	0.0	0.0	0.12	0.02	0.02	0.04	0.04	0.02	0.12	0.01	0.07	0.1	0.0	0.04	0.01	0.01	0.07	0.0	0.0	0.0	0.0	0.0	0.01	0.0	0.14	0.03	0.0	1.564.028	16.018.769	2.742.495	7.923.659	12.786.583	14.727.901	24.989.971	10.141.239	13.517.409	12.174.365	16.225.014	38.086.083	5.639.018	17.158.674	25.741.803	19.473.295	23.730.467	9.227.422	4.195.617	26.650.364	16.136.486	16.438.477	8.289.976	16.527.937	15.893.981	25.182.706	13.617.192	15.231.136	16.318.541	21.280.205	53.216.117	19.795.811	44.827.282	16.437.207	65.94	502	Abhydrolase_6	alpha/beta fold hydrolase [Bradyrhizobium prioriisuperbiae]	78.014	3.41e-67	216.0
FN16	NODE_2162_length_503_cov_2.053991	Orthoherpesviridae	Anelloviridae	0.0	0.14	0.01	0.01	0.0	0.0	0.02	0.0	0.0	0.13	0.04	0.0	0.03	0.09	0.0	0.13	0.01	0.06	0.04	0.0	0.03	0.0	0.01	0.08	0.01	0.0	0.0	0.0	0.0	0.01	0.0	0.14	0.01	0.0	18.003.577	7.836.077	21.130.657	21.352.463	12.366.906	16.953.344	2.926.888	17.145.604	127.945	32.963.117	23.145.222	2.843.465	48.096.213	18.929.912	4.022.399	21.720.633	42.332.527	37.813.658	4.433.672	2.744.524	8.242.853	15.240.342	8.073.933	5.517.781	19.985.298	2.865.422	15.674.797	17.532.619	4.423.496	2.862.957	19.323.061	8.185.115	49.580.266	16.445.856	61.03	503	NAD_binding_10, Epimerase, NmrA	NAD(P)-dependent oxidoreductase [Pseudomonadota bacterium]	83.824	4,24E-11	112.0
FN16	NODE_1620_length_590_cov_21.970760	Sedoreoviridae	Sedoreoviridae	0.0	0.08	0.0	0.01	0.0	0.01	0.06	0.0	0.0	0.11	0.09	0.01	0.06	0.07	0.03	0.0	0.01	0.04	0.03	0.0	0.03	0.01	0.02	0.04	0.02	0.0	0.0	0.0	0.0	0.01	0.02	0.16	0.08	0.0	6.296.272	1.189.192	66.075.794	12.278.674	69.361.844	5.928.978	11.498.897	53.718.756	54.416.724	4.168.574	39.082.924	1.116.996	12.258.923	60.003.257	15.560.337	7.292.531	8.313.568	5.018.366	767.127	6.369.087	22.824.474	66.012.907	12.439.458	341.359	6.989.322	49.813.045	54.818.427	61.315.636	12.712.645	16.192.397	6.757.726	5.114.149	43.511.367	66.170.894	53.22	590	MFS_1	MFS transporter [Streptomyces sp. AcH 505]	100.0	3.65e-122	363.0
FN16	NODE_1576_length_600_cov_3.080306	Sedoreoviridae	Sedoreoviridae	0.0	0.08	0.0	0.02	0.0	0.01	0.03	0.0	0.0	0.14	0.08	0.0	0.02	0.06	0.07	0.11	0.01	0.05	0.02	0.0	0.0	0.01	0.01	0.03	0.0	0.0	0.0	0.01	0.0	0.01	0.01	0.19	0.03	0.0	9,96E+01	970.199	1.306.423	22.825.784	8,62E+01	9,38E+02	12.441.674	10.883.888	7,08E+02	9,37E+01	12.804.751	25.474.108	8,61E+02	10.927.174	42.482.765	10.197.424	32.607.865	12.150.183	21.735.707	15.183.675	45.115.754	10.442.724	73.658.087	20.226.962	11.056.571	68.228.017	8,67E+01	9,70E+01	6.344.887	25.041.528	7,67E+01	9.499.618	19.900.585	9,10E+02	65.67	600	MFS_1, Sugar_tr	MFS transporter [Bradyrhizobium sp. cf659]	79.518	1,67E-65	260.0
FN16	NODE_1418_length_635_cov_2.069892	Sedoreoviridae	Sedoreoviridae	0.0	0.1	0.0	0.0	0.0	0.0	0.02	0.0	0.0	0.12	0.12	0.0	0.06	0.05	0.06	0.03	0.0	0.03	0.02	0.0	0.03	0.02	0.03	0.04	0.01	0.01	0.0	0.0	0.0	0.01	0.0	0.19	0.05	0.0	16.176.519	1.453.646	21.217.815	54.779.286	17.820.598	15.232.868	30.273.383	1.958.836	1.149.608	22.573.024	11.256.824	13.988.015	64.575.667	15.159.689	37.859.778	18.354.888	1.722.646	1.023.365	9.114.487	16.363.598	14.833.746	16.903.576	5.271.613	1.888.319	1.795.713	9.096.394	1.408.407	15.753.356	12.458.333	1.749.233	24.616.828	4.346.979	10.396.581	17.000.771	58.27	635	Acetyltransf_1, Acetyltransf_10, Acetyltransf_7	GNAT family N-acetyltransferase [Bradyrhizobium elkanii]	85.606	6.46e-73	228.0
FN16	NODE_1362_length_649_cov_2.365385	Sedoreoviridae	Sedoreoviridae	0.0	0.06	0.0	0.01	0.0	0.0	0.04	0.0	0.0	0.12	0.1	0.0	0.03	0.07	0.07	0.08	0.01	0.03	0.06	0.01	0.02	0.0	0.02	0.02	0.0	0.0	0.0	0.02	0.01	0.0	0.0	0.16	0.06	0.0	4.767.642	15.080.293	5.462.827	56.544.817	5.252.194	4.489.521	9.786.525	8.335.319	33.881.927	16.165.895	4.671.962	34.479.124	5.116.877	4.543.547	17.401.597	39.700.842	7.592.285	43.531.105	7.641.043	4.822.779	14.494.404	4.507.748	31.288.513	56.528.775	4.844.978	3.841.065	41.509.424	46.429.224	4.995.972	50.991.274	11.248.074	37.282.744	14.676.625	501.057	59.63	649	Beta-lactamase2	class A beta-lactamase [Methylosinus sp. C49]	84.466	1.94e-51	179.0
FN16	NODE_1237_length_684_cov_5.481054	Spinareoviridae	Anelloviridae	0.0	0.14	0.01	0.14	0.01	0.0	0.03	0.0	0.0	0.05	0.02	0.04	0.11	0.0	0.02	0.0	0.03	0.01	0.06	0.0	0.03	0.01	0.04	0.02	0.02	0.0	0.0	0.0	0.0	0.02	0.04	0.12	0.02	0.01	6.537.057	38.188.078	1.328.335	83.011.515	65.563.903	6.155.719	15.657.391	10.238.808	5.649.776	25.643.567	687.075	25.344.094	9.371.372	61.261.468	8.038.533	6.485.196	21.425.929	9.137.362	64.618.257	9.965.302	6.163.301	6.180.709	16.071.564	9.715.843	6.643.097	76.235.407	5.691.482	63.660.517	6.762.835	12.852.503	15.565.243	7.835.682	23.950.417	68.701.436	51.17	684	PDZ, PDZ_2, PDZ_6, Peptidase_M50, Trypsin, Trypsin_2	trypsin-like peptidase domain-containing protein [Thermicanus aegyptius]	81.765	2,72E-74	281.0
FN16	NODE_1173_length_703_cov_1.645367	Anelloviridae	Flaviviridae	0.0	0.11	0.0	0.0	0.0	0.0	0.04	0.0	0.0	0.16	0.1	0.0	0.04	0.09	0.02	0.07	0.02	0.03	0.04	0.0	0.02	0.01	0.0	0.05	0.0	0.0	0.0	0.0	0.0	0.01	0.0	0.13	0.06	0.0	35.577.514	33.308.846	47.868.066	5.750.652	39.193.383	33.502.113	52.731.982	5.773.908	25.283.666	20.867.225	21.813.363	63.145.426	1.211.137	37.408.092	4.196.866	41.896.473	29.899.053	8.020.709	33.990.075	5.423.552	4.162.654	3.320.298	14.734.991	15.224.558	36.154.634	32.275.142	30.975.526	34.646.834	12.716.119	6.117.614	75.437.645	21.847.394	12.003.457	37.390.313	61.17	703	MFS_1	MFS transporter [Labrys okinawensis]	79.915	2.58e-119	357.0
FN16	NODE_290_length_1396_cov_2.802123	Sedoreoviridae	Sedoreoviridae	0.0	0.09	0.0	0.04	0.0	0.0	0.03	0.0	0.0	0.1	0.05	0.0	0.0	0.02	0.06	0.14	0.03	0.05	0.02	0.01	0.01	0.01	0.03	0.01	0.03	0.0	0.0	0.05	0.01	0.02	0.0	0.18	0.01	0.0	3.254.065	24.336.485	4.302.996	4.721.624	26.603.357	30.642.403	6.720.547	65.277.913	2.312.548	3.951.552	35.132.961	48.849.676	52.858.954	3.421.496	8.315.623	34.942.415	2.431.258	16.574.679	38.328.017	55.447.877	4.025.606	33.919.374	33.313.888	23.188.784	33.068.508	3.014.913	28.331.482	31.689.415	11.934.067	6.902.623	25.065.595	5.600.451	15.041.353	3.419.871	60.46	1396	PLDc_2	phospholipase D-like domain-containing protein [Xanthobacteraceae bacterium]	79.444	0.0	555.0
FN16	NODE_1172_length_703_cov_2.174121	Sedoreoviridae	Flaviviridae	0.0	0.06	0.0	0.0	0.0	0.03	0.0	0.0	0.0	0.16	0.03	0.0	0.02	0.04	0.04	0.14	0.0	0.05	0.05	0.0	0.02	0.0	0.01	0.05	0.04	0.0	0.0	0.02	0.01	0.02	0.01	0.15	0.05	0.0	10.410.681	3.484.145	18.862.351	17.263.787	11.468.756	9.803.378	20.558.946	2.995.531	89.976.296	1.191.233	13.383.875	14.220.082	19.603.914	10.946.344	15.003.709	10.328.089	9.596.647	17.415.114	9.721.653	15.870.382	27.720.307	9.715.851	23.766.283	10.077.751	10.579.558	9.420.833	9.064.049	10.138.347	51.172.553	68.307.966	15.842.587	6.561.231	83.418.794	10.941.143	63.58	703	MFS_1	class I adenylate-forming enzyme family protein [Bradyrhizobium prioriisuperbiae]	78.065	2.16e-74	246.0
FN16	NODE_1043_length_757_cov_2.598529	Sedoreoviridae	Flaviviridae	0.0	0.06	0.0	0.0	0.0	0.0	0.03	0.0	0.0	0.18	0.06	0.0	0.03	0.05	0.01	0.16	0.01	0.07	0.03	0.0	0.02	0.0	0.02	0.0	0.0	0.0	0.0	0.02	0.0	0.0	0.0	0.18	0.07	0.0	1,32E+02	1.964.154	1,90E+01	1,76E+02	1,14E+02	1,24E+03	2,36E+02	11.444.497	9,39E+00	3,08E+02	2,00E+01	2,18E+01	1,77E+02	1,39E+02	2,61E+02	1,62E+02	3,13E+02	1.279.228	2,16E+02	2,01E+01	4,00E+02	1,23E+02	2,95E+02	12.486.547	1,34E+02	1,05E+02	1,15E+02	1,29E+02	4,95E+02	29.180.795	1,42E+01	9.938.393	3.773.512	1,39E+03	64.46	757	APH	aminoglycoside phosphotransferase family protein [Bradyrhizobium lablabi]	85.714	2.19e-148	431.0
FN16	NODE_998_length_779_cov_2.967236	Anelloviridae	Sedoreoviridae	0.0	0.08	0.0	0.01	0.0	0.0	0.03	0.0	0.0	0.07	0.1	0.0	0.07	0.09	0.03	0.08	0.0	0.08	0.01	0.0	0.02	0.0	0.01	0.03	0.04	0.0	0.0	0.01	0.0	0.02	0.01	0.14	0.07	0.0	25.253.582	5.026.496	33.789.256	2.910.279	2.064.588	23.780.423	5.183.797	30.579.895	17.946.828	9.115.625	15.730.456	6.744.575	3.326.411	31.084.735	64.574.764	26.392.057	23.252.114	29.712.614	34.044.706	38.497.385	72.944.225	33.788.644	2.079.411	41.102.525	28.033.338	25.732.245	21.987.006	2.459.297	19.824.667	114.848.256	6.013.077	10.869.711	3.386.288	26.540.342	62.39	779	MFS_1	MFS transporter [Bradyrhizobium sp. SZCCHNS2002]	87.259	2,89E-130	428.0
FN16	NODE_736_length_904_cov_3.038694	Anelloviridae	Matonaviridae	0.0	0.08	0.0	0.02	0.0	0.02	0.05	0.01	0.0	0.11	0.07	0.0	0.04	0.05	0.02	0.21	0.01	0.07	0.09	0.0	0.03	0.0	0.0	0.0	0.01	0.0	0.0	0.0	0.0	0.02	0.0	0.04	0.04	0.01	67.730.405	56.655.055	14.003.437	6.399.857	43.962.232	63.779.345	14.010.516	8.201.556	4.813.356	9.236.801	8.707.354	14.332.292	938.685	5.752.943	76.929.275	6.188.823	11.911.335	58.686.705	2.010.408	10.325.044	8.289.477	10.180.647	61.792.717	22.856.558	68.829.063	24.687.087	5.896.941	659.586	34.647.272	10.978.514	4.552.789	34.230.512	32.109.963	711.815	67.37	904	MFS_1	MFS transporter [Bradyrhizobium prioriisuperbiae]	84.385	5.67e-124	371.0
FN16	NODE_680_length_936_cov_1.910361	Sedoreoviridae	Sedoreoviridae	0.0	0.03	0.0	0.02	0.0	0.0	0.04	0.0	0.0	0.12	0.09	0.0	0.04	0.08	0.06	0.12	0.0	0.04	0.02	0.0	0.03	0.02	0.01	0.01	0.01	0.01	0.0	0.01	0.0	0.01	0.0	0.16	0.07	0.0	9.061.239	9.732.497	10.861.739	15.248.443	9.982.166	8.532.651	3.376.522	9.901.547	64.394.996	307.841	6.551.414	1.860.387	19.030.595	11.153.516	6.673.739	7.786.907	12.197.016	12.107.299	11.214.268	13.813.248	22.751.952	8.456.469	165.432	68.392.674	10.058.638	89.345.546	78.891.584	88.242.005	18.334.648	17.035.918	7.766.071	85.174.686	55.578.064	95.229.415	62.29	936	MFS_1	LysR substrate-binding domain-containing protein, partial [Streptomyces sp. AcH 505]	100.0	6.87e-100	305.0
FN16	NODE_608_length_980_cov_28.950804	Retroviridae	Sedoreoviridae	0.0	0.09	0.03	0.01	0.0	0.0	0.09	0.0	0.0	0.01	0.0	0.05	0.01	0.0	0.0	0.0	0.01	0.0	0.11	0.01	0.02	0.0	0.09	0.06	0.03	0.02	0.01	0.0	0.0	0.12	0.0	0.21	0.02	0.0	3.625.882	21.347.411	2.981.372	44.704.843	37.743.716	3.414.366	5.938.121	3.549.585	25.767.836	64.594.735	28.194.147	597.396	9.861.189	34.554.518	7.208.129	24.925.335	46.382.635	9.931.005	22.485.442	40.997.542	28.819.306	37.398.384	16.036.346	35.219.148	36.846.974	32.811.315	315.687	35.310.304	5.701.507	5.103.091	38.916.213	43.148.032	32.702.976	38.106.335	38.78	980	rve	Ribonuclease H [Citrus sinensis]	75.0	1.35e-96	192.0
FN16	NODE_450_length_1118_cov_1.864553	Sedoreoviridae	Flaviviridae	0.02	0.11	0.0	0.0	0.0	0.01	0.03	0.0	0.0	0.18	0.11	0.0	0.04	0.04	0.1	0.01	0.01	0.02	0.02	0.0	0.03	0.0	0.03	0.02	0.0	0.01	0.0	0.0	0.0	0.02	0.0	0.15	0.04	0.0	14.970.051	47.237.775	12.417.546	19.475.775	15.014.325	14.096.779	20.652.662	15.979.869	10.638.682	29.561.743	20.886.865	10.984.971	23.716.318	15.740.303	25.370.864	21.674.593	3.868.274	141.564	14.569.219	15.143.178	14.169.582	16.438.712	29.344.563	9.485.215	15.212.889	11.843.579	13.033.659	14.578.449	5.271.529	13.515.586	13.145.246	8.822.385	18.085.485	15.732.829	59.66	1118	Abhydrolase_1	alpha/beta fold hydrolase [Bradyrhizobium sp. LTSP885]	67.235	2.09e-149	436.0
FN16	NODE_448_length_1127_cov_13.189524	Sedoreoviridae	Sedoreoviridae	0.0	0.12	0.01	0.01	0.0	0.0	0.04	0.0	0.0	0.07	0.11	0.0	0.1	0.03	0.05	0.03	0.0	0.04	0.04	0.0	0.02	0.0	0.02	0.02	0.01	0.0	0.0	0.0	0.0	0.01	0.0	0.17	0.1	0.0	5.791.348	5.810.503	9.702.249	16.495.148	6.379.943	54.535.116	30.757.582	6.111.827	4.115.704	19.122.653	42.540.085	1.142.814	7.973.936	60.893.316	9.531.787	65.252.124	67.447.834	54.717.842	3.879.401	58.583.235	9.726.981	4.902.477	7.425.102	52.580.204	58.852.923	52.407.063	5.042.231	56.398.516	13.458.939	7.987.716	4.460.992	56.043.977	4.689.015	52.902.633	57.85	1127	MFS_1	hypothetical protein BRDID11007_54390 [Bradyrhizobium diazoefficiens]	76.836	3,57E-81	298.0
FN16	NODE_365_length_1244_cov_4.565553	Sedoreoviridae	Flaviviridae	0.01	0.08	0.0	0.0	0.01	0.0	0.06	0.0	0.0	0.15	0.1	0.01	0.03	0.08	0.05	0.07	0.01	0.05	0.04	0.0	0.03	0.0	0.01	0.02	0.0	0.0	0.0	0.01	0.0	0.01	0.0	0.14	0.03	0.0	2.051.594	61.285.715	15.131.921	58.434.303	22.601.048	1.931.914	2.757.936	2.494.645	17.731.291	4.542.131	15.724.456	2.490.826	2.166.441	21.571.552	37.508.248	24.751.702	28.257.074	18.267.575	15.880.674	31.275.167	8.435.301	23.697.668	2.928.959	3.015.143	2.084.873	18.565.273	1.786.218	1.997.925	43.223.123	56.243.677	15.803.124	63.872.296	2.222.135	215.613	61.41	1244	Abhydrolase_1, Abhydrolase_6, Hydrolase_4	alpha/beta fold hydrolase [Bradyrhizobium xenonodulans]	72.84	1,24E-107	370.0
FN16	NODE_1137_length_718_cov_2.051482	Sedoreoviridae	Sedoreoviridae	0.01	0.04	0.01	0.12	0.0	0.0	0.02	0.0	0.0	0.07	0.09	0.0	0.02	0.05	0.04	0.19	0.0	0.07	0.02	0.0	0.01	0.0	0.01	0.0	0.0	0.0	0.0	0.01	0.0	0.0	0.0	0.2	0.02	0.0	3,42E+02	46.473.667	4,14E+02	8,94E+01	2,80E+02	3,23E+02	7,72E+01	3,74E+02	2,96E+02	7,10E+01	20.998.296	2,92E+02	3,49E+02	3,76E+02	54.008.065	3,53E+02	4,57E+02	6.305.794	1.625.336	3,46E+00	11.409.991	4,13E+02	8,42E+00	1,81E+01	3,48E+01	23.615.165	2,98E+02	3,34E+02	2.076.027	40.881.618	3,68E+01	991.495	3.754.352	3,60E+02	66.43	718	Trypsin_2	serine protease [Bradyrhizobium prioriisuperbiae]	72.353	2.81e-77	244.0
FN16	NODE_255_length_1483_cov_1.992176	Sedoreoviridae	Sedoreoviridae	0.0	0.04	0.0	0.02	0.0	0.0	0.03	0.0	0.0	0.15	0.12	0.01	0.02	0.08	0.03	0.08	0.01	0.04	0.05	0.0	0.01	0.0	0.03	0.01	0.0	0.0	0.0	0.02	0.0	0.01	0.0	0.19	0.05	0.0	54.392.363	24.812.154	6.419.582	8.791.833	56.619.905	51.219.403	9.202.618	5.943.652	3.865.471	15.661.422	39.326.504	9.487.286	52.533.136	6.695.178	59.371.167	49.025.263	9.460.214	38.667.016	34.436.274	550.214	6.628.998	4.604.408	14.622.804	14.668.169	6.037.953	49.220.733	47.356.654	52.969.507	17.140.007	12.448.637	920.973	61.947.507	23.905.717	5.716.385	64.46	1483	MFS_1	MFS transporter [Hyphomicrobiaceae bacterium]	82.429	0.0	625.0